day,veteran_patients,general_patients,total_patients,occupied_beds,bed_utilization_rate,veteran_revenue,general_revenue,total_revenue,doctor_efficiency,specialization_effect
1,72,32,104,166,0.8323844269050347,4148290.748306889,2500056.736070826,6648347.484377716,0.04807692307692308,1.2
2,73,25,98,167,0.8383717364576455,3478641.8491337425,2108512.008717193,5587153.857850935,0.05104591836734694,1.2003
3,64,32,96,162,0.8120981135783018,2587750.321709505,2118421.0348766637,4706171.3565861685,0.05213541666666667,1.2006
4,61,34,95,163,0.8157123666297638,2773052.6569660306,2335853.3932368006,5108906.050202832,0.05271052631578947,1.2008999999999999
5,79,37,116,160,0.8033764102343962,3387224.466445685,2798862.7135405457,6186087.179986231,0.0431896551724138,1.2012
6,66,37,103,163,0.8187849009172836,3101789.2323267944,2873658.6500611897,5975447.882387985,0.048665048543689325,1.2015
7,72,24,96,159,0.7993251387631033,3219224.0655758763,2077928.6231238123,5297152.688699689,0.05223958333333334,1.2018
8,63,27,90,140,0.7020164938060113,2731621.3945969944,2202522.0269477307,4934143.421544725,0.05575000000000001,1.2021
9,78,33,111,158,0.794217585880588,3782569.558720177,2249670.194542999,6032239.7532631755,0.04522522522522523,1.2024
10,64,32,96,170,0.8528561113109459,3309957.8526619077,2108661.72022714,5418619.572889048,0.05231770833333334,1.2026999999999999
11,72,35,107,153,0.7661538999847021,3820203.4639827125,3088679.8662988665,6908883.330281579,0.04696261682242991,1.2029999999999998
12,75,39,114,156,0.7845393812074393,3874223.7867763364,3424370.079662176,7298593.866438512,0.04410087719298245,1.2033
13,69,31,100,148,0.7446832512996986,3037308.7146921684,2681506.4039537613,5718815.11864593,0.050300000000000004,1.2036
14,83,37,120,170,0.8501766448946012,4300078.950394768,2769044.552636883,7069123.5030316515,0.0419375,1.2039
15,82,28,110,159,0.7982086980445025,4741503.898883742,1653177.0966838973,6394680.995567639,0.04577272727272727,1.2042
16,81,34,115,157,0.7850496324767067,4087163.1144968783,2179381.255228557,6266544.369725436,0.043804347826086956,1.2045
17,74,30,104,174,0.8738947022370759,3508240.0192387505,2205961.535305635,5714201.5545443855,0.048461538461538466,1.2047999999999999
18,76,26,102,163,0.8164375554829842,3598691.1225685254,2186759.626087578,5785450.748656103,0.04943627450980392,1.2051
19,81,28,109,152,0.7648973453061324,3917296.830627904,2152167.7736983965,6069464.6043263,0.04628440366972477,1.2054
20,65,27,92,162,0.8130527636089945,3251661.8734087995,2109329.179190968,5360991.052599767,0.05486413043478261,1.2057
21,63,30,93,156,0.7828642741736616,2897282.6601951905,2361291.429200158,5258574.089395348,0.05430107526881721,1.206
22,84,29,113,161,0.808728890641592,4308171.164103561,2302728.5475422493,6610899.71164581,0.04471238938053098,1.2063
23,61,27,88,160,0.8030115104970513,3801288.844308012,2118450.0316072777,5919738.87591529,0.05744318181818182,1.2066
24,78,35,113,148,0.7415660981190234,4345700.897660858,3010541.249152297,7356242.146813155,0.0447566371681416,1.2068999999999999
25,77,42,119,174,0.870139715546805,3310287.340824972,3557183.983516891,6867471.324341863,0.04252100840336135,1.2072
26,78,42,120,154,0.7716851135198615,3938864.03238418,3190832.1802169573,7129696.212601137,0.0421875,1.2075
27,66,28,94,149,0.7468848143136948,3456285.50210961,2034048.971531628,5490334.473641238,0.05388297872340425,1.2078
28,79,41,120,156,0.7838969241897162,4271339.30086102,2876276.504209663,7147615.805070682,0.04222916666666667,1.2081
29,85,29,114,143,0.7196258382719387,4328469.38987623,2380292.8082656343,6708762.198141864,0.04447368421052631,1.2084
30,78,42,120,146,0.7339771693457863,4103557.21059059,3459786.8502063504,7563344.060796941,0.042270833333333334,1.2086999999999999
31,83,33,116,153,0.7659987639210755,4246385.284321817,2717371.132950852,6963756.417272668,0.04375,1.2089999999999999
32,78,27,105,164,0.8236916460455894,3435391.636090967,2301815.579464907,5737207.215555874,0.048357142857142855,1.2093
33,75,27,102,171,0.8579297789503703,3442244.1306181084,2368089.2439167732,5810333.374534882,0.04980392156862745,1.2096
34,88,31,119,178,0.8948396491326974,4292029.228958737,2293073.431239343,6585102.660198079,0.04271008403361345,1.2099
35,68,36,104,159,0.7961449145292948,3515991.671437659,2959686.9502070453,6475678.621644704,0.048894230769230766,1.2102
36,84,36,120,174,0.8726767038578659,4088844.130040058,3663408.7199778105,7752252.850017868,0.04239583333333334,1.2105
37,78,42,120,149,0.7464553750969444,4088164.241944842,3284916.504130514,7373080.746075356,0.04241666666666667,1.2107999999999999
38,86,34,120,159,0.7963585543671564,3935878.701230586,2307961.5548854447,6243840.256116031,0.0424375,1.2111
39,82,29,111,162,0.8107046872065102,3589247.100728085,2360177.974797474,5949425.0755255595,0.045900900900900904,1.2114
40,78,42,120,161,0.8076862552972764,3922701.4001939404,2975961.9799289107,6898663.380122852,0.04247916666666667,1.2117
41,87,33,120,170,0.8541525621587639,4808403.892635183,2276295.286859328,7084699.179494511,0.0425,1.212
42,76,30,106,165,0.8256892975456105,3995718.120796298,3324655.5577571327,7320373.67855343,0.04813679245283019,1.2123
43,90,30,120,169,0.8477000881746601,4793126.063087609,2324335.381286317,7117461.444373926,0.042541666666666665,1.2126
44,79,41,120,157,0.7881590696629996,3758281.398607504,3306854.7177187135,7065136.116326218,0.04256250000000001,1.2128999999999999
45,78,42,120,166,0.8343130095187258,3271040.8102360354,3201430.8930947506,6472471.703330786,0.04258333333333334,1.2132
46,84,36,120,149,0.7461127611035347,3899572.442110813,3075724.1516931863,6975296.593804,0.04260416666666667,1.2135
47,78,32,110,160,0.8022785919951907,3645875.864433732,3108849.686867283,6754725.551301016,0.0465,1.2138
48,78,42,120,161,0.8093227157384715,3641903.2787403287,3646417.600491531,7288320.87923186,0.04264583333333334,1.2141
49,76,34,110,165,0.8252493639490229,4128986.973784646,2393519.377280829,6522506.3510654755,0.04654545454545455,1.2144
50,78,38,116,153,0.7673335383713145,4588527.153709628,3163114.4401321304,7751641.593841758,0.044159482758620694,1.2147
51,78,27,105,180,0.9,4302661.451614947,1831816.0873539334,6134477.538968881,0.0488095238095238,1.2149999999999999
52,86,29,115,152,0.764616526719061,4490842.354102879,2499715.1003956064,6990557.454498485,0.044586956521739135,1.2153
53,76,34,110,140,0.7,3410732.6962929703,2651301.462821061,6062034.159114031,0.046636363636363636,1.2156
54,79,27,106,145,0.7284929311019684,3776182.427754692,2188239.964693796,5964422.392448488,0.04841981132075472,1.2159
55,78,42,120,171,0.858158187607748,3903990.893797639,3030213.0932478886,6934203.987045527,0.042791666666666665,1.2162
56,85,35,120,153,0.7699891561420603,4279665.886120758,2692112.192878707,6971778.078999465,0.04281250000000001,1.2165
57,87,33,120,175,0.8793008408072677,3811550.2580103204,3203120.8109092545,7014671.068919575,0.04283333333333334,1.2167999999999999
58,68,31,99,165,0.8294158603242289,3495537.235029911,2325570.5190844927,5821107.754114404,0.051944444444444446,1.2170999999999998
59,81,39,120,154,0.7705317621527894,4394088.849293515,3231388.8316210946,7625477.68091461,0.042875,1.2174
60,85,30,115,163,0.8153649760438305,4595466.400506558,2551110.922061667,7146577.322568225,0.044760869565217395,1.2177
61,75,38,113,167,0.8373646802561632,3978888.849537549,3033645.915434899,7012534.764972448,0.04557522123893806,1.218
62,90,30,120,154,0.7704214305582086,4746193.821526517,2351473.7634158656,7097667.584942383,0.0429375,1.2183
63,90,30,120,168,0.8412708174494016,4866079.336200288,2713314.913717039,7579394.2499173265,0.042958333333333334,1.2186
64,88,32,120,156,0.7844866621703273,4542633.195094915,2526683.3780818726,7069316.573176788,0.04297916666666667,1.2188999999999999
65,87,33,120,151,0.7590889658383264,5260188.464923175,2374411.411284079,7634599.876207254,0.043000000000000003,1.2192
66,82,28,110,167,0.8395831346981468,4355889.124991384,2380749.3940751986,6736638.519066583,0.04693181818181818,1.2195
67,78,42,120,160,0.8037902279096864,3635906.9325102763,3687640.230428364,7323547.16293864,0.043041666666666666,1.2198
68,79,41,120,156,0.7839307079173504,4113107.9244388714,3095098.346680296,7208206.271119168,0.04306250000000001,1.2201
69,82,34,116,162,0.8122483285554362,3892153.298097837,2591877.580871816,6484030.878969653,0.044568965517241384,1.2204
70,78,42,120,145,0.7296268112811722,3619806.75371155,3288281.7570248195,6908088.5107363695,0.04310416666666667,1.2207
71,90,30,120,168,0.842882981160101,4428027.661516458,2395436.110103355,6823463.771619813,0.043125000000000004,1.2209999999999999
72,79,35,114,157,0.7855670680539931,4077473.8313335455,2568375.33580535,6645849.167138895,0.04541666666666667,1.2213
73,90,30,120,158,0.7945619925771572,4680770.274944523,2565634.558010667,7246404.832955191,0.04316666666666667,1.2216
74,85,35,120,160,0.8006296200390898,4291512.341883253,2583557.2605204694,6875069.602403723,0.043187500000000004,1.2219
75,86,34,120,174,0.8725571803897522,4712486.455216639,3305665.6284431433,8018152.083659782,0.043208333333333335,1.2222
76,87,31,118,161,0.8091671002869176,5302564.275949688,2279542.0252319225,7582106.301181611,0.04396186440677966,1.2225
77,78,39,117,140,0.7,3694955.5415445035,2883150.609595246,6578106.151139749,0.04435897435897436,1.2227999999999999
78,86,34,120,178,0.8938085419607944,4708682.250420001,2563082.2056598263,7271764.456079828,0.043270833333333335,1.2230999999999999
79,84,33,117,146,0.7339883396489679,4969212.681658829,2951372.19187042,7920584.873529248,0.0444017094017094,1.2234
80,78,42,120,173,0.8676936187082707,3855329.4603514792,3775906.280823083,7631235.741174562,0.04331250000000001,1.2237
81,72,36,108,160,0.8002621849859092,3616913.0137553075,2750381.1442139777,6367294.157969285,0.048148148148148155,1.224
82,78,42,120,158,0.7928810257489354,3946915.2963676406,3532851.4482437395,7479766.744611381,0.04335416666666667,1.2243
83,78,42,120,144,0.7232942914632189,4398293.9605404185,3471657.508025143,7869951.468565561,0.043375000000000004,1.2246
84,90,30,120,161,0.805783731714643,5030683.732828721,2416204.435538426,7446888.168367147,0.04339583333333334,1.2248999999999999
85,90,30,120,157,0.7875517925760464,4937206.92792946,2554890.2279004357,7492097.155829895,0.04341666666666667,1.2251999999999998
86,78,42,120,166,0.834302572999922,4312785.549871339,2769063.532561834,7081849.082433173,0.043437500000000004,1.2255
87,74,40,114,157,0.7865296582777722,3965490.634644506,3680754.256670729,7646244.891315235,0.045745614035087714,1.2258
88,90,30,120,146,0.7309949270892555,3733477.9022901803,2386668.5522648115,6120146.454554992,0.04347916666666667,1.2261
89,83,37,120,140,0.7,4113015.1836021924,2573877.0278505636,6686892.211452756,0.043500000000000004,1.2264
90,86,34,120,150,0.7530060106836323,4079037.225545222,2431893.9220462055,6510931.147591427,0.043520833333333335,1.2267
91,89,31,120,150,0.7507136976832228,4674300.699405441,2348496.1106436346,7022796.810049076,0.043541666666666666,1.2269999999999999
92,83,37,120,149,0.7482378838790313,3920235.5382809197,2605428.1437937007,6525663.68207462,0.04356250000000001,1.2273
93,84,36,120,153,0.7650137246003708,4289871.5625083735,2847649.521689041,7137521.084197415,0.04358333333333334,1.2276
94,87,33,120,167,0.8378753855023653,4119232.0007894207,2487983.9844698044,6607215.985259226,0.04360416666666667,1.2279
95,78,42,120,144,0.7242404468900724,4433080.964303364,3912709.1517364318,8345790.116039796,0.043625000000000004,1.2282
96,87,33,120,163,0.8155625077271769,5689313.1516780285,2935567.776618728,8624880.928296756,0.04364583333333334,1.2285
97,78,42,120,143,0.7196776839871214,3979350.817988217,3105866.149584474,7085216.967572691,0.04366666666666667,1.2288
98,74,38,112,149,0.7459225998192803,4324242.4049768485,3308018.4861126333,7632260.891089482,0.04680803571428572,1.2290999999999999
99,90,30,120,160,0.803868415382381,4112422.109402281,2765549.7785447175,6877971.887946999,0.043708333333333335,1.2294
100,78,42,120,158,0.7904830660958196,3558508.8811799446,2895379.290395983,6453888.171575928,0.04372916666666667,1.2297
101,90,30,120,146,0.730071621309043,4753336.156510757,2243845.7834107615,6997181.939921519,0.043750000000000004,1.23
102,80,40,120,151,0.7568004615160092,4019408.6511779306,2934095.962748468,6953504.613926399,0.043770833333333335,1.2303
103,83,37,120,157,0.7880525976566796,3773361.080252737,2789275.6861517737,6562636.7664045105,0.043791666666666666,1.2306
104,87,33,120,150,0.7511222377600725,4393209.552861713,2838366.200570152,7231575.753431865,0.04381250000000001,1.2308999999999999
105,79,30,109,153,0.7668688120527077,4175386.474094298,2216817.8024297957,6392204.276524094,0.04825688073394496,1.2311999999999999
106,70,38,108,160,0.8024042473330691,3590902.8756025187,2765087.7459682594,6355990.621570778,0.048726851851851855,1.2315
107,78,42,120,159,0.7966960100676342,3427703.682092642,3140983.0677784747,6568686.749871116,0.043875000000000004,1.2318
108,78,42,120,156,0.7807722227885088,4292454.195593632,3166164.331840222,7458618.527433854,0.04389583333333334,1.2321
109,78,42,120,165,0.8264902088957642,4462211.762056581,2529527.4479572307,6991739.2100138115,0.04391666666666667,1.2324
110,87,33,120,157,0.7898477306978504,4511448.45491652,2480547.910707023,6991996.365623543,0.043937500000000004,1.2327
111,83,37,120,171,0.8583891030829904,4255584.649970003,3059930.38797426,7315515.037944263,0.043958333333333335,1.2329999999999999
112,81,39,120,155,0.778372090609019,4209753.11766321,2988652.841984078,7198405.959647289,0.04397916666666667,1.2332999999999998
113,90,30,120,168,0.8435562351715846,4353289.410524472,2688291.341319347,7041580.751843818,0.044000000000000004,1.2336
114,78,42,120,149,0.7495956844541298,3170391.1507999166,3241891.46936212,6412282.620162036,0.044020833333333335,1.2339
115,90,30,120,163,0.8163463686882082,4401404.762036012,2599057.3394840374,7000462.101520048,0.044041666666666666,1.2342
116,72,30,102,167,0.8385432596943484,3067708.951519257,2674500.970369663,5742209.92188892,0.05183823529411765,1.2345
117,81,39,120,166,0.8316390933053143,4969630.60741078,3176742.271578251,8146372.878989032,0.04408333333333334,1.2348
118,81,39,120,151,0.7575077815267605,4386286.005700419,2852901.8463164335,7239187.852016852,0.04410416666666667,1.2350999999999999
119,81,39,120,164,0.8239489912873197,4185133.152641214,3443712.462608465,7628845.6152496785,0.044125000000000004,1.2354
120,82,38,120,150,0.7510618142108847,3917839.7633687947,3154699.349885635,7072539.11325443,0.04414583333333334,1.2357
121,78,42,120,168,0.8434802960052831,4428698.764933931,3498914.1274831635,7927612.892417094,0.044166666666666674,1.236
122,79,41,120,147,0.7377672648344292,3247405.50168281,3770702.534168452,7018108.0358512625,0.044187500000000005,1.2363
123,83,37,120,162,0.813998431315991,3682922.045371174,3683942.585966581,7366864.631337754,0.044208333333333336,1.2366
124,84,36,120,167,0.8362883311949346,4402023.877329419,2944478.59899239,7346502.476321809,0.044229166666666674,1.2368999999999999
125,86,34,120,178,0.8941012248237518,4878530.61984664,3153346.762445916,8031877.382292556,0.044250000000000005,1.2371999999999999
126,78,42,120,158,0.7937106539950176,3921732.7157925908,3727648.3502062387,7649381.06599883,0.044270833333333336,1.2375
127,81,28,109,158,0.7920996050710506,3877113.166671295,2013288.6199417226,5890401.786613017,0.048761467889908254,1.2378
128,80,29,109,160,0.8036658983594203,3484015.6401035786,2019541.724881241,5503557.36498482,0.048784403669724766,1.2381
129,90,30,120,157,0.7870204324318198,3823585.6710968525,2341021.6646193736,6164607.335716226,0.04433333333333334,1.2384
130,78,42,120,159,0.7972852566741094,3809935.5332186157,3593925.3385773087,7403860.871795924,0.044354166666666674,1.2387
131,90,30,120,157,0.7865555654722585,4002063.3410662482,3017606.352779967,7019669.693846215,0.044375000000000005,1.2389999999999999
132,84,36,120,159,0.7987937456444999,4283195.599522499,2838424.2013659044,7121619.800888404,0.04439583333333334,1.2392999999999998
133,80,40,120,159,0.7983623364892001,3782630.091546494,2971889.3495433074,6754519.4410898015,0.044416666666666674,1.2396
134,82,38,120,175,0.8751996494291344,3013102.378558865,3371818.0829844284,6384920.461543294,0.044437500000000005,1.2399
135,78,42,120,156,0.7828656202959826,3755138.062261641,2887076.070574812,6642214.132836454,0.044458333333333336,1.2402
136,77,42,119,177,0.8876135221711812,4210236.181361772,3787242.511918037,7997478.693279809,0.04485294117647059,1.2405
137,78,42,120,154,0.7737739866860114,4090856.078878888,2949365.056212306,7040221.135091194,0.044500000000000005,1.2408
138,82,38,120,156,0.7812589596225202,4391493.586963431,3175056.046691756,7566549.633655187,0.044520833333333336,1.2410999999999999
139,90,30,120,149,0.7459468336200051,4777171.023124919,2542344.301912412,7319515.325037331,0.04454166666666667,1.2414
140,85,35,120,147,0.7374443211807349,4642711.483162933,2748227.4017959633,7390938.884958897,0.04456250000000001,1.2417
141,90,30,120,152,0.7647828154728621,3866192.4166363985,2026408.9983542634,5892601.414990662,0.04458333333333334,1.242
142,78,42,120,177,0.8877397090992183,3088047.5309253484,3930009.339745453,7018056.870670801,0.044604166666666674,1.2423
143,83,37,120,154,0.7727540456595525,4315641.487456109,2948860.128082245,7264501.615538355,0.044625000000000005,1.2426
144,84,36,120,161,0.8075150880730939,4047282.8708701804,2863599.6603683326,6910882.531238513,0.044645833333333336,1.2429
145,78,42,120,146,0.7325907288947144,4189872.996668859,3417410.7872109883,7607283.783879847,0.044666666666666674,1.2431999999999999
146,84,36,120,163,0.8173790852680836,3973300.934270068,2655848.239084134,6629149.173354202,0.044687500000000005,1.2435
147,78,42,120,164,0.8204126377857236,3235992.394347242,3705796.2941414164,6941788.6884886585,0.044708333333333336,1.2438
148,85,35,120,169,0.8491345491972757,4957826.638896596,3084023.6182050765,8041850.257101672,0.04472916666666667,1.2441
149,67,37,104,153,0.7687590711152161,3358740.5018206295,3113227.070058861,6471967.57187949,0.05163461538461539,1.2444
150,83,35,118,152,0.7622308533823339,3896220.1117583415,2406134.892882498,6302355.00464084,0.04552966101694915,1.2447
151,74,41,115,150,0.7512063373511334,4089847.464744901,2968597.1644631224,7058444.629208023,0.0467391304347826,1.2449999999999999
152,86,34,120,161,0.8092418061847437,3930906.154522078,2910484.2871992458,6841390.441721324,0.0448125,1.2452999999999999
153,84,35,119,180,0.9,4159654.8421156467,3121796.531359989,7281451.373475635,0.04521008403361345,1.2456
154,81,36,117,177,0.8885400317817755,3796078.3415959543,3401985.184703116,7198063.526299071,0.0460042735042735,1.2459
155,80,40,120,166,0.8316203869527761,4389021.779850692,3398979.1879095025,7788000.967760194,0.044875000000000005,1.2462
156,70,36,106,157,0.7876240682224248,3473948.299814984,3058753.564094595,6532701.86390958,0.0508254716981132,1.2465
157,78,42,120,163,0.8190098925502982,4138128.440660691,3548089.5905048293,7686218.03116552,0.044916666666666674,1.2468
158,89,31,120,164,0.8229590039614219,4418776.258400902,2068081.688488034,6486857.946888937,0.044937500000000005,1.2470999999999999
159,85,35,120,162,0.8135789418597688,3707381.8552763686,2497304.1686856863,6204686.023962054,0.044958333333333336,1.2473999999999998
160,83,37,120,166,0.8340750348686312,4161752.1260941406,2968807.81729074,7130559.94338488,0.04497916666666667,1.2477
161,80,40,120,160,0.8048060388470493,3815089.8845179826,3060961.207221659,6876051.0917396415,0.045000000000000005,1.248
162,85,35,120,155,0.7760625689168262,4783696.353368747,2549509.955378539,7333206.308747286,0.045020833333333336,1.2483
163,81,39,120,174,0.8723488942176867,4129604.6844871873,3441935.496314214,7571540.180801401,0.04504166666666667,1.2486
164,74,31,105,168,0.8444815397811719,3730445.076031907,2744239.1330162073,6474684.209048115,0.05149999999999999,1.2489
165,87,30,117,180,0.9,4192165.2262087483,2293079.394863815,6485244.621072563,0.04623931623931624,1.2491999999999999
166,90,30,120,154,0.7738569986423366,4310915.932306864,2332371.693873478,6643287.626180342,0.045104166666666674,1.2495
167,69,37,106,149,0.7497929616623966,3185109.840039076,2949733.273333513,6134843.1133725885,0.051084905660377364,1.2498
168,90,30,120,150,0.7500822979630605,4942945.079314463,2348642.677385878,7291587.756700341,0.045145833333333336,1.2501
169,88,32,120,148,0.7438638989218851,4568260.288320982,2602611.765302542,7170872.053623524,0.045166666666666674,1.2504
170,85,35,120,180,0.9,3978960.506693191,2651320.852599491,6630281.359292682,0.045187500000000005,1.2507
171,76,38,114,153,0.7681306436346742,4251826.281820869,3471833.291388916,7723659.573209785,0.04758771929824561,1.251
172,75,39,114,164,0.8235707778193202,3542916.358394636,3317474.7271397193,6860391.085534355,0.04760964912280701,1.2512999999999999
173,78,42,120,175,0.8773752600665031,4600392.292507254,3154102.9999972465,7754495.292504501,0.045250000000000005,1.2516
174,82,34,116,163,0.8167228394993513,4370003.15179586,3266775.634544447,7636778.786340307,0.04683189655172414,1.2519
175,77,41,118,146,0.7310340385992736,3568591.934622361,3269134.3528973944,6837726.287519755,0.0460593220338983,1.2522
176,80,40,120,162,0.811189397581945,3993430.8415708994,3580285.847503387,7573716.689074286,0.0453125,1.2525
177,80,40,120,155,0.7755280278740889,4417664.350827629,3418205.27668042,7835869.627508049,0.045333333333333344,1.2528
178,87,33,120,156,0.782035395460647,4606934.851351155,2932697.7452738876,7539632.596625043,0.045354166666666675,1.2530999999999999
179,87,33,120,170,0.8533337344794577,4858643.581843868,3004889.9736339073,7863533.555477776,0.045375000000000006,1.2533999999999998
180,82,38,120,161,0.8073356843216661,4594668.676268426,2791651.5560198803,7386320.232288307,0.04539583333333334,1.2537
181,81,39,120,160,0.8014372411467409,4567773.004355956,3179622.90922221,7747395.913578166,0.045416666666666675,1.254
182,77,42,119,167,0.8373126783013611,4098511.4097393136,4086853.5870306347,8185364.996769948,0.045819327731092444,1.2543
183,81,33,114,162,0.8124691841855378,4688868.578304207,2614841.979449845,7303710.557754052,0.04785087719298245,1.2546
184,87,33,120,161,0.809330456157818,4155801.3776705205,2691239.758125153,6847041.135795673,0.04547916666666667,1.2549
185,78,42,120,161,0.8066484837073439,3626952.882173722,3761535.6673187474,7388488.549492469,0.045500000000000006,1.2551999999999999
186,66,33,99,163,0.8188605937532261,3816622.929647332,2622641.931076731,6439264.860724064,0.055176767676767685,1.2555
187,82,28,110,145,0.7275993049791878,3198489.5577857667,2338563.236811946,5537052.794597713,0.04968181818181818,1.2558
188,71,39,110,167,0.8354178223649678,3636549.2533887755,2944007.4672101405,6580556.720598916,0.04970454545454545,1.2561
189,75,26,101,166,0.8325100588979331,3712809.051082731,2464100.4951779144,6176909.546260646,0.054158415841584165,1.2564
190,66,37,103,153,0.7654045965059378,3284956.614602686,3032028.4769995166,6316985.0916022025,0.053131067961165054,1.2567
191,81,32,113,147,0.7374230287904778,4634724.66464967,2538969.2983315024,7173693.962981172,0.04845132743362832,1.257
192,86,34,120,164,0.8228376609576893,4544999.930499847,2841776.7283247095,7386776.6588245565,0.04564583333333334,1.2572999999999999
193,90,30,120,161,0.8098260584850735,4819051.690914831,2378463.4333710657,7197515.124285897,0.045666666666666675,1.2576
194,79,41,120,178,0.8900470216455408,3934137.6094954843,2810705.76650528,6744843.376000764,0.045687500000000006,1.2579
195,77,39,116,168,0.8420321774494363,3598739.7679685797,2980790.768836989,6579530.536805568,0.04728448275862069,1.2582
196,62,30,92,140,0.7,2608990.1247194256,2582499.5174746313,5191489.642194057,0.05964673913043478,1.2585
197,86,34,120,150,0.7516511928435394,4279484.116858949,2719020.1093673655,6998504.226226315,0.045750000000000006,1.2588
198,75,25,100,168,0.8438681145287836,3667138.4348138757,2005377.167798906,5672515.602612782,0.054925,1.2590999999999999
199,74,41,115,157,0.7876411308739703,3447665.8282408146,2951468.6367544676,6399134.464995282,0.04778260869565217,1.2593999999999999
200,81,28,109,166,0.8320421430633506,3818672.509137967,2368258.5430237795,6186931.052161747,0.05043577981651376,1.2597
201,89,31,120,160,0.8029815184960087,4162113.1339210197,2653159.3817761703,6815272.515697191,0.045833333333333344,1.26
202,87,30,117,166,0.8317585900840985,4806555.431163911,2271543.5492254635,7078098.980389374,0.047029914529914535,1.2603
203,85,35,120,180,0.9,3957095.1773119336,3286069.8648862694,7243165.0421982035,0.045875000000000006,1.2606
204,76,38,114,155,0.775805708297284,3678268.0228861584,3168946.4477061825,6847214.47059234,0.04831140350877192,1.2609
205,78,39,117,159,0.7987822703869509,4735485.439858627,3658993.469071422,8394478.908930048,0.0470940170940171,1.2611999999999999
206,81,35,116,161,0.8060015663359131,4298474.778955818,2513618.0817444464,6812092.860700265,0.04752155172413793,1.2614999999999998
207,70,38,108,163,0.819961156130264,3726518.5788959595,2893111.31546099,6619629.894356949,0.05106481481481482,1.2618
208,78,42,120,145,0.726781255989509,3987536.209238389,3711825.0296776835,7699361.238916073,0.04597916666666667,1.2621
209,81,39,120,170,0.8539340416715648,4034404.069852214,3066140.2824184643,7100544.352270678,0.046000000000000006,1.2624
210,87,32,119,144,0.7211803921507876,4992295.052130764,2913303.3866617475,7905598.438792512,0.04640756302521009,1.2627
211,74,29,103,164,0.824701509314137,3796449.2933548456,2192329.2043078626,5988778.497662708,0.053640776699029134,1.263
212,71,31,102,171,0.8586364509629683,3742978.0548810237,2388087.6456426457,6131065.700523669,0.05419117647058823,1.2632999999999999
213,76,41,117,171,0.8574382850186052,3138908.7640643218,3161119.3712197724,6300028.135284094,0.04726495726495727,1.2635999999999998
214,62,34,96,171,0.858041339368926,2955012.6275933133,2814249.055830755,5769261.683424069,0.05763020833333334,1.2639
215,78,30,108,160,0.8038410945530128,3399633.032566458,2639104.036667314,6038737.069233771,0.051250000000000004,1.2642
216,66,37,103,155,0.7785942419517045,3795250.730909323,3211665.635665594,7006916.366574917,0.053762135922330104,1.2645
217,70,34,104,156,0.783918247439131,4226861.794246295,2823886.4430069826,7050748.237253277,0.05326923076923078,1.2648
218,84,28,112,162,0.8119394579513257,4091202.298755305,2196017.633804965,6287219.93256027,0.04948660714285715,1.2651
219,74,33,107,167,0.8363814771818491,3719219.9777487004,2833416.980384913,6552636.958133614,0.05182242990654206,1.2653999999999999
220,74,32,106,140,0.7000899657733947,4039041.239639918,2648701.0498298863,6687742.289469805,0.05233490566037736,1.2657
221,76,42,118,180,0.9,3746955.941301034,3732349.4264238058,7479305.36772484,0.04703389830508475,1.266
222,69,26,95,149,0.7473292218413172,3234799.708559947,2478118.5216042916,5712918.230164239,0.05844736842105263,1.2663
223,73,31,104,168,0.8435033865344378,3830923.889110001,2517303.888475607,6348227.777585608,0.05341346153846154,1.2666
224,82,28,110,159,0.7971190601483208,4182450.6091531366,2475346.5847057053,6657797.193858841,0.05052272727272727,1.2669
225,88,30,118,166,0.8319365111014593,3897077.838398587,2792023.567752263,6689101.40615085,0.04711864406779661,1.2671999999999999
226,66,27,93,152,0.7622862074990322,3278834.3456243123,2231012.680625552,5509847.026249864,0.05981182795698925,1.2674999999999998
227,78,31,109,176,0.8806855634529324,4076878.377590452,2419449.154447919,6496327.532038371,0.05105504587155964,1.2678
228,86,29,115,147,0.7386196092431504,4556882.030035439,2482672.0762161287,7039554.106251568,0.048413043478260864,1.2681
229,76,26,102,158,0.7924972206483737,3847719.0523191863,2044001.060548955,5891720.112868141,0.054607843137254905,1.2684
230,68,37,105,145,0.7279974558702853,3942131.7214964908,2709299.440897775,6651431.162394266,0.05307142857142857,1.2687
231,61,33,94,153,0.768051912615525,2646457.613010713,3073492.0022760015,5719949.615286714,0.059308510638297875,1.269
232,76,39,115,180,0.9,4173070.885056806,3018652.6083453097,7191723.493402116,0.048499999999999995,1.2692999999999999
233,60,20,80,146,0.7305213766618203,2506380.375912932,1763611.2691215426,4269991.645034475,0.06975,1.2696
234,90,30,120,165,0.828195456002618,4767639.453749378,2604819.7341072736,7372459.187856652,0.04652083333333334,1.2699
235,79,33,112,161,0.8052100551975938,3925275.7144796886,2440953.3485391974,6366229.063018886,0.04986607142857144,1.2702
236,65,36,101,159,0.7950830186602625,2928707.8901759516,2562166.2766418583,5490874.16681781,0.05532178217821782,1.2705
237,78,27,105,169,0.8459158303001157,3287504.764586961,1946240.322500807,5233745.087087768,0.05323809523809524,1.2708
238,73,40,113,157,0.7887683425001488,3850769.016143962,2890129.7744436366,6740898.790587598,0.049491150442477885,1.2711
239,67,37,104,153,0.7699316178024393,3457126.9479377503,2488473.854874626,5945600.802812376,0.05379807692307693,1.2713999999999999
240,74,33,107,165,0.8276244977208574,3782848.229603925,3000133.073513095,6782981.30311702,0.052313084112149535,1.2717
241,70,34,104,161,0.8061148751516143,3690154.3101627356,2733289.9391285917,6423444.249291327,0.053846153846153856,1.272
242,68,35,103,153,0.7668549541224526,2923114.207588104,3289881.488092343,6212995.695680447,0.05439320388349515,1.2723
243,59,31,90,152,0.7640796367215402,3214002.6911986102,2406852.479783577,5620855.170982188,0.06227777777777778,1.2726
244,76,39,115,162,0.8139497081111902,3482568.1197612924,3789286.527865297,7271854.64762659,0.048760869565217385,1.2729
245,64,26,90,166,0.8316888440466049,3332415.7111844793,2041460.1669534366,5373875.878137916,0.06233333333333333,1.2731999999999999
246,70,31,101,158,0.7926498999185756,3837357.690878218,3028209.7043946553,6865567.395272873,0.05556930693069308,1.2734999999999999
247,62,34,96,159,0.7955858975824373,3899709.8946728385,2501400.5175122335,6401110.412185072,0.058489583333333345,1.2738
248,89,30,119,154,0.7723205879146003,4703197.470237448,2790815.189550849,7494012.6597882975,0.04720588235294118,1.2741
249,67,31,98,154,0.7709159543025679,3010056.4952178895,2318979.1688236305,5329035.66404152,0.05734693877551021,1.2744
250,62,27,89,152,0.761501338447068,3172473.6326551316,1823926.5404200165,4996400.173075148,0.0631741573033708,1.2747
251,77,28,105,140,0.7003132178714273,3994011.7793913153,2514997.8543140176,6509009.633705333,0.05357142857142857,1.275
252,66,23,89,164,0.8209509504683024,3067346.087599725,1829738.4897109822,4897084.577310707,0.0632303370786517,1.2752999999999999
253,75,32,107,165,0.8269377996223185,3404747.402595238,2603356.370953236,6008103.773548474,0.05261682242990654,1.2755999999999998
254,60,27,87,150,0.7548046179267606,2779341.01722307,2426996.1258454546,5206337.143068524,0.06474137931034483,1.2759
255,81,31,112,149,0.7453843617663711,3921854.577873605,2780848.2295948374,6702702.807468442,0.05031250000000001,1.2762
256,77,26,103,163,0.8196658919697186,3923938.909848662,2015703.7754458797,5939642.6852945415,0.054733009708737866,1.2765
257,71,32,103,167,0.8354054338344296,3889629.3224620773,2358786.698109965,6248416.020572042,0.05475728155339807,1.2768
258,57,31,88,165,0.8253995663456273,2535540.517240446,1946083.1329477844,4481623.65018823,0.0641193181818182,1.2771
259,78,27,105,159,0.7996964544230054,4227011.40203614,2177675.1414462742,6404686.5434824135,0.05376190476190476,1.2773999999999999
260,74,26,100,157,0.7854862727905675,3798935.156206604,2146913.143688771,5945848.299895375,0.056475,1.2776999999999998
261,70,24,94,158,0.7912520121652296,3235489.194177504,2023009.8899655174,5258499.084143022,0.0601063829787234,1.278
262,64,28,92,159,0.7995440501677898,3547486.581066105,2346332.4041651096,5893818.985231215,0.06144021739130435,1.2783
263,74,27,101,173,0.8695103774508657,3906389.813350189,2162236.16588617,6068625.979236359,0.05599009900990099,1.2786
264,57,31,88,156,0.7847387647822667,2676289.0223846044,2433631.1168596093,5109920.139244214,0.06428977272727274,1.2789
265,74,28,102,159,0.7964750610970455,3880005.6082156943,2254442.268917467,6134447.877133161,0.05549019607843138,1.2792
266,52,29,81,158,0.7927956222139193,2285479.366861312,2459183.4653591197,4744662.832220431,0.0699074074074074,1.2794999999999999
267,87,30,117,157,0.7893278564534897,4998465.869529729,2435680.189728507,7434146.059258236,0.04841880341880342,1.2798
268,65,33,98,156,0.7848765156755936,3123842.5339741004,2684989.8827071288,5808832.416681229,0.057831632653061224,1.2801
269,72,31,103,164,0.8218469084873176,4028632.6589230825,2715489.4255894483,6744122.084512531,0.05504854368932039,1.2804
270,55,31,86,169,0.8467159955619638,2374108.3579357592,2424258.1803306146,4798366.538266374,0.0659593023255814,1.2807
271,57,32,89,165,0.8270731364102395,3066359.2206862546,2412413.3374139597,5478772.558100214,0.06376404494382024,1.281
272,53,27,80,163,0.8195902002701274,2258088.434274856,2199605.7426722976,4457694.176947154,0.07096875,1.2812999999999999
273,73,28,101,161,0.8059790184207077,3294829.8365782322,2508032.016372846,5802861.852951078,0.056237623762376246,1.2815999999999999
274,69,31,100,150,0.7533366020463402,3297067.623338929,2260568.9269213285,5557636.550260257,0.05682500000000001,1.2819
275,75,25,100,146,0.7314049428534323,3144914.4757962218,2294234.065498722,5439148.541294944,0.056850000000000005,1.2822
276,65,34,99,170,0.8519952343698038,3053174.9495855193,3216674.6420847666,6269849.591670286,0.05744949494949495,1.2825
277,73,36,109,180,0.9,3428914.053103782,3093723.4671386806,6522637.520242462,0.05220183486238532,1.2828
278,78,27,105,175,0.8780755598363427,3912481.618135649,1997261.7400052242,5909743.358140873,0.054214285714285715,1.2831
279,71,36,107,180,0.9,3598470.042534372,2774787.3932221127,6373257.435756484,0.05322429906542057,1.2833999999999999
280,67,37,104,150,0.7514192980744675,3752138.6591613824,2765559.2934244666,6517697.952585849,0.05478365384615385,1.2837
281,66,25,91,171,0.8592852077331499,3537254.592519472,2199209.537161163,5736464.129680635,0.06263736263736265,1.284
282,61,33,94,175,0.8750666825977744,2951582.6491531483,2573780.0836558673,5525362.732809016,0.06066489361702128,1.2843
283,84,32,116,164,0.8227943886040804,5109300.984858455,2395259.3330226834,7504560.317881139,0.04918103448275862,1.2846
284,78,34,112,162,0.8134296139431629,4496102.686300888,2858131.3257107777,7354234.012011666,0.05095982142857144,1.2849
285,81,27,108,156,0.7817523635228558,3710120.0847277027,1934321.2140914565,5644441.298819159,0.05287037037037037,1.2852
286,61,21,82,148,0.7448395817139158,2982517.6448063394,1633495.3656186613,4616013.010425,0.06966463414634147,1.2854999999999999
287,78,28,106,168,0.8430236744179873,3672599.7989581143,2202564.736111844,5875164.535069958,0.053915094339622646,1.2858
288,72,34,106,176,0.8803672788009996,3776750.98258977,2919886.7578055505,6696637.740395321,0.05393867924528302,1.2861
289,82,28,110,161,0.8090510779351854,3568298.9013381028,2329530.1011925917,5897829.002530694,0.052000000000000005,1.2864
290,65,32,97,165,0.8293182009377547,3652441.998215932,2565445.523644432,6217887.521860364,0.05899484536082474,1.2867
291,80,27,107,162,0.8120376589744285,5040673.245672158,2282150.0834564134,7322823.329128571,0.05350467289719627,1.287
292,63,23,86,163,0.819057919244139,3556272.117536065,1963865.3686336726,5520137.486169738,0.06659883720930233,1.2872999999999999
293,66,37,103,157,0.7895488371356988,3019328.250110931,2788165.058857802,5807493.308968733,0.05563106796116505,1.2875999999999999
294,83,28,111,163,0.8197335764911491,3653708.5292553985,2339590.9976813113,5993299.52693671,0.05164414414414415,1.2879
295,78,39,117,158,0.7932991416663542,3905728.3959443867,2875111.726318341,6780840.1222627275,0.04901709401709402,1.2882
296,77,35,112,164,0.8209766221953514,3508315.5115461913,2677511.6759094447,6185827.1874556355,0.05122767857142858,1.2885
297,76,37,113,177,0.8863481925616703,3648138.2494664514,3026506.6788225584,6674644.928289009,0.05079646017699115,1.2888
298,74,41,115,142,0.7119595594009612,3135507.163609065,3694127.5859241155,6829634.74953318,0.04993478260869565,1.2891
299,75,25,100,154,0.7717876200671306,3819206.738698889,2308421.9905135753,6127628.729212465,0.05745,1.2893999999999999
300,90,30,120,172,0.8604183115296572,4960828.136615158,2542206.467808284,7503034.604423442,0.04789583333333334,1.2896999999999998
301,76,38,114,151,0.7590900558288847,3798717.7061838387,2988263.874752422,6786981.5809362605,0.05043859649122806,1.29
302,74,28,102,169,0.8477652604285256,3732710.5479279836,2570966.7381563787,6303677.286084362,0.05639705882352942,1.2903
303,64,30,94,152,0.7641588839698598,2602708.2825366207,2380156.6353977523,4982864.917934373,0.06122340425531915,1.2906
304,79,27,106,166,0.8315405842277389,3545446.204389964,2560483.9943281845,6105930.198718149,0.05431603773584906,1.2909
305,87,33,120,157,0.7886757950575084,3932643.932025287,2541737.411117242,6474381.343142529,0.048,1.2912
306,89,30,119,175,0.8771621764136095,4232462.007305108,2131291.816010637,6363753.823315745,0.04842436974789917,1.2914999999999999
307,70,39,109,163,0.8161583857092392,3448339.094795466,2974596.611417108,6422935.706212575,0.05288990825688074,1.2917999999999998
308,66,25,91,154,0.7733649580169045,2913927.444215605,1425547.5573436702,4339475.001559275,0.06337912087912088,1.2921
309,81,27,108,176,0.8830629607273935,3864876.0160825597,2029922.1949618554,5894798.211044415,0.053425925925925925,1.2924
310,74,40,114,163,0.8150895949909733,3983449.703002335,3592618.631642978,7576068.334645313,0.0506359649122807,1.2927
311,74,34,108,151,0.756100870662172,3394054.269005252,2658397.741402785,6052452.010408036,0.05347222222222223,1.293
312,85,29,114,151,0.7598410524659828,4884392.641807796,2257099.324558124,7141491.96636592,0.050679824561403505,1.2933
313,72,38,110,140,0.7,3918256.342689978,3264000.5447160993,7182256.887406077,0.05254545454545454,1.2935999999999999
314,75,32,107,165,0.825796960885205,3164045.3036675462,2424562.5145993484,5588607.818266895,0.054042056074766365,1.2939
315,78,42,120,162,0.8146778966083316,3370933.0961968717,3516720.474097665,6887653.570294537,0.04820833333333334,1.2942
316,72,39,111,171,0.8582369677228586,3335547.032352702,2867201.2396515133,6202748.272004215,0.05213963963963964,1.2945
317,85,29,114,149,0.7492089090510802,4276213.936185388,2419485.428076693,6695699.364262081,0.05078947368421052,1.2948
318,85,35,120,156,0.7816486080458339,3898274.156224294,2824120.287252985,6722394.443477279,0.04827083333333334,1.2951
319,65,35,100,164,0.8218279902078834,3543778.8233530135,2138378.9180482854,5682157.741401299,0.05795,1.2953999999999999
320,73,28,101,180,0.9,3657589.703301524,2076927.3411646737,5734517.0444661975,0.0574009900990099,1.2956999999999999
321,83,28,111,153,0.7677017910437732,3818335.3172401446,2131865.451031225,5950200.76827137,0.05225225225225225,1.296
322,72,31,103,176,0.8812339229234781,3716308.5383217707,2417416.331472681,6133724.869794452,0.05633495145631069,1.2963
323,72,39,111,168,0.844155488857358,3571978.609075391,3063690.266959725,6635668.876035117,0.052297297297297304,1.2966
324,85,35,120,152,0.7624104474952408,4068798.021612644,3121564.798575091,7190362.820187735,0.04839583333333334,1.2969
325,75,41,116,169,0.8459614467287602,3499445.967922877,3894441.670599355,7393887.638522232,0.05008620689655172,1.2972
326,81,39,120,172,0.8640508180867557,4077481.4817635985,3386065.386638133,7463546.868401731,0.04843750000000001,1.2974999999999999
327,78,42,120,153,0.7678225083841269,4301684.718856652,3247515.4884122023,7549200.207268855,0.04845833333333334,1.2978
328,72,39,111,164,0.8211799532796731,4342508.970927533,2786929.730752667,7129438.7016802,0.052409909909909916,1.2981
329,87,30,117,159,0.7960179304377143,4546781.731368634,2145025.5532447486,6691807.284613382,0.04974358974358974,1.2984
330,82,38,120,169,0.8492864997839932,4586828.2811415475,3827227.347173658,8414055.628315207,0.04852083333333334,1.2987
331,85,35,120,161,0.8097192150788668,4099904.3255554573,2894775.4761692733,6994679.80172473,0.04854166666666667,1.299
332,80,34,114,173,0.865879876780398,3597382.9738881434,3030046.9686271003,6627429.942515244,0.05111842105263158,1.2993
333,83,37,120,140,0.7,3897753.875355811,3343910.385782088,7241664.261137899,0.04858333333333333,1.2995999999999999
334,77,42,119,154,0.7747612539385892,4173638.7102042525,3543702.4789156634,7717341.189119916,0.049012605042016814,1.2999
335,79,37,116,156,0.780412092547809,3585647.9771230915,3438151.2040829547,7023799.181206046,0.05030172413793104,1.3002
336,87,29,116,175,0.8760658025961227,4784265.240694363,2219864.087449413,7004129.328143775,0.050323275862068965,1.3005
337,83,37,120,150,0.7548149069634936,4284609.101914465,2611004.2218166986,6895613.3237311635,0.04866666666666667,1.3008
338,81,39,120,162,0.810057982793642,4164731.587976188,3039221.648204328,7203953.236180516,0.04868750000000001,1.3011
339,81,39,120,168,0.8435648648728623,3504878.2295000665,3159430.4288184806,6664308.6583185475,0.04870833333333334,1.3014
340,78,42,120,153,0.7661127514737575,4100424.0613669767,3420339.478731705,7520763.540098682,0.04872916666666667,1.3016999999999999
341,86,34,120,166,0.8317360734280885,4777170.932041177,2831470.6746845553,7608641.606725732,0.04875,1.302
342,88,32,120,178,0.8949940967447608,4341641.151591668,2310520.498004316,6652161.649595983,0.04877083333333334,1.3023
343,83,37,120,140,0.7,4501679.996017425,2801542.856957639,7303222.852975065,0.04879166666666667,1.3026
344,85,35,120,161,0.8095249839889533,4551517.022284092,2678063.816240444,7229580.838524536,0.0488125,1.3029
345,82,38,120,167,0.8369405240443752,4352300.668445352,2755626.634578443,7107927.303023796,0.04883333333333333,1.3032
346,80,40,120,168,0.8404028899140573,4146914.925360536,3788218.7765744394,7935133.701934976,0.04885416666666668,1.3034999999999999
347,81,39,120,159,0.7990290197056135,3927212.1879521185,3369581.8734059194,7296794.061358038,0.04887500000000001,1.3037999999999998
348,68,38,106,149,0.7466098539210404,3723104.5812710156,3560026.4652649052,7283131.04653592,0.05535377358490566,1.3041
349,82,38,120,160,0.8035026081556591,4576370.104069358,2758084.6472060652,7334454.751275423,0.04891666666666667,1.3044
350,89,31,120,165,0.8250547084969923,4534363.81938644,2728259.430956651,7262623.250343092,0.04893750000000001,1.3047
351,68,25,93,153,0.7672962158436288,2777584.8150688047,2102240.5199049963,4879825.334973801,0.06317204301075269,1.305
352,83,37,120,169,0.8476437273601469,4819095.4770652875,3349214.678260878,8168310.155326165,0.04897916666666667,1.3053
353,88,32,120,160,0.8037716819450796,3695135.042765246,2497008.0030387333,6192143.045803979,0.049,1.3055999999999999
354,88,30,118,158,0.7912057093783832,4454210.114985174,2532356.490249712,6986566.605234886,0.04985169491525423,1.3058999999999998
355,90,30,120,153,0.7688675319132774,4587573.354856759,2221807.0594324684,6809380.414289228,0.04904166666666667,1.3062
356,75,38,113,159,0.7981481601475794,3589011.6658060276,2829504.0221183477,6418515.687924376,0.052101769911504434,1.3065
357,77,35,112,144,0.7247639812984499,4142621.546020497,2823083.1308216606,6965704.676842158,0.05258928571428572,1.3068
358,76,36,112,152,0.7623921797204709,3921286.313959289,3266049.7284546653,7187336.042413954,0.052611607142857154,1.3071
359,75,32,107,158,0.791993360221668,4001752.5286689242,2614578.3368288483,6616330.865497773,0.05509345794392524,1.3074
360,82,38,120,152,0.7601987071598256,4541162.926825426,3046478.7411962706,7587641.668021696,0.04914583333333334,1.3076999999999999
361,83,37,120,152,0.7645796616544769,3521808.527065677,2426270.6558282403,5948079.182893917,0.04916666666666667,1.3079999999999998
362,79,33,112,165,0.8254362511614968,3325429.672697307,2876290.1149160946,6201719.787613401,0.05270089285714286,1.3083
363,84,36,120,176,0.8806110314127713,4576672.512663524,2802663.17340312,7379335.686066644,0.04920833333333334,1.3086
364,78,42,120,152,0.764042334037879,3817659.206857199,3028307.6788772023,6845966.885734402,0.04922916666666667,1.3089
365,84,36,120,157,0.7887572009095961,3926998.916054147,2928572.5455264174,6855571.461580564,0.04925,1.3092
