년도,지역,구분,상병코드,연인원,59이하,60-64,65-69,70-79,80-89,90이상,진료과,진료비(천원),cost_bin_5,59이하_ratio,60-64_ratio,65-69_ratio,70-79_ratio,80-89_ratio,90이상_ratio,age_diversity,main_age_group,is_inpatient,year_encoded,disease_category,disease_encoded,category_encoded,dept_encoded,ARIMA_R2_mean,RF_R2_mean,XGB_R2_mean,ARIMA_MAPE_mean,RF_MAPE_mean,XGB_MAPE_mean,y_actual,y_predicted,prediction_correct,prob_class_0,prob_class_1,prob_class_2,prob_class_3,prob_class_4
2022.0,대전,외래,N40,26265.0,305.0,576.0,1139.0,19647.0,3208.0,1390.0,비뇨의학과,1930406.0,1.0,0.0116124119550732,0.0219303255282695,0.0433656957928802,0.7480296973158196,0.122139729678279,0.0529221397296782,7549.504056558947,70-79,0.0,1.0,Genitourinary,72.0,4.0,2.0,0.0,0.8990312164208654,0.9284313708387708,0.0,10.096878357913468,7.1568629161229165,1.0,1.0,1.0,,,,,
2022.0,부산,입원(연인원),C16,2235.0,51.0,83.0,75.0,1644.0,266.0,116.0,내과,703462.0,1.0,0.0228187919463087,0.0371364653243847,0.0335570469798657,0.7355704697986577,0.1190156599552572,0.0519015659955257,627.6185943708169,70-79,1.0,1.0,Neoplasm,2.0,10.0,1.0,0.0,0.6913167318863747,0.7156996146102782,0.0,7.82443574848337,4.57338471862958,1.0,1.0,1.0,0.16287251543630105,0.5899025856860495,0.00682342365110223,0.007137229516938682,0.23326424570960883
2022.0,부산,외래,R53,5331.0,282.0,131.0,349.0,3879.0,583.0,107.0,가정의학과,181796.0,0.0,0.0528981429375351,0.0245732507972237,0.0654661414368786,0.7276308384918402,0.1093603451510035,0.0200712811855186,1475.118402027444,70-79,0.0,1.0,Symptoms,77.0,15.0,0.0,0.0,0.7847377487634124,0.7619580796591503,0.0,21.526225123658758,23.804192034084966,0.0,3.0,0.0,0.12987003891149793,0.7315838863136783,0.0,0.0,0.1385460747748235
2021.0,인천,외래,L24,1800.0,122.0,71.0,121.0,1283.0,173.0,30.0,피부과,61807.0,0.0,0.0677777777777777,0.0394444444444444,0.0672222222222222,0.7127777777777777,0.0961111111111111,0.0166666666666666,484.0421469252445,70-79,0.0,0.0,Skin,56.0,14.0,14.0,0.0,0.0,0.0,0.0,0.0,0.0,0.0,1.0,0.0,,,,,
2022.0,부산,외래,N18,12812.0,716.0,466.0,589.0,8872.0,1635.0,534.0,내과,3035632.0,1.0,0.0558851077115204,0.0363721511083359,0.0459725257571027,0.692475803933812,0.1276147361848267,0.0416796753044021,3328.351163364026,70-79,0.0,1.0,Genitourinary,69.0,4.0,1.0,0.0,0.6913167318863747,0.7156996146102782,0.0,7.82443574848337,4.57338471862958,1.0,1.0,1.0,0.24020404607537824,0.5609795417038912,0.01409311220861156,0.03331132670113032,0.1514119733109887
2021.0,대전,외래,M48,14728.0,262.0,397.0,838.0,11155.0,1667.0,409.0,정형외과,2357131111.0,4.0,0.0177892449755567,0.0269554589896795,0.0568984247691472,0.7574008690928843,0.1131857686040195,0.0277702335687126,4293.165762775375,70-79,0.0,0.0,Musculoskeletal,63.0,9.0,12.0,0.0,0.0,0.0,0.0,0.0,0.0,4.0,1.0,0.0,,,,,
2022.0,대전,외래,K05,13738.0,1127.0,728.0,1226.0,9272.0,1189.0,196.0,치과,4550024.0,2.0,0.0820352307468336,0.0529917018488863,0.0892415198718881,0.6749162905808705,0.0865482602998981,0.0142669966516232,3442.960044302964,70-79,0.0,1.0,Digestive,45.0,1.0,13.0,0.0,0.0,0.0,0.0,0.0,0.0,2.0,1.0,0.0,,,,,
2022.0,부산,외래,K02,7266.0,532.0,189.0,537.0,5346.0,577.0,85.0,치과,1252744.0,1.0,0.0732177263969171,0.0260115606936416,0.0739058629232039,0.7357555739058629,0.0794109551334984,0.0116983209468758,2036.0676806039623,70-79,0.0,1.0,Digestive,43.0,1.0,13.0,0.0,0.0,0.0,0.0,0.0,0.0,1.0,1.0,1.0,0.39776859947757787,0.5400194751069365,0.0,0.0,0.06221192541548577
2022.0,대구,외래,I63,10461.0,179.0,270.0,557.0,6889.0,1893.0,673.0,신경과,838884.542,1.0,0.0171111748398814,0.0258101519931172,0.0532453876302456,0.6585412484466112,0.1809578434184112,0.0643341936717331,2595.0389399775872,70-79,0.0,1.0,Circulatory,31.0,0.0,4.0,0.0,0.7420114887170505,0.7561594580582693,0.0,211.76738682817393,207.8573916874499,1.0,1.0,1.0,,,,,
2023.0,부산,입원(연인원),N18,3059.0,29.0,0.0,0.0,2299.0,578.0,153.0,내과,1019435.0,1.0,0.0094802222948676,0.0,0.0,0.7515527950310559,0.1889506374632232,0.0500163452108532,1049.5022232785725,70-79,1.0,2.0,Genitourinary,69.0,4.0,1.0,0.0,0.6913167318863747,0.7156996146102782,0.0,7.82443574848337,4.57338471862958,1.0,1.0,1.0,0.24020404607537824,0.5609795417038912,0.01409311220861156,0.03331132670113032,0.1514119733109887
2023.0,광주,입원(연인원),C25,1955.0,109.0,136.0,162.0,987.0,537.0,24.0,내과,808021071.0,4.0,0.0557544757033248,0.0695652173913043,0.0828644501278772,0.5048593350383632,0.2746803069053708,0.0122762148337595,369.5215374868787,70-79,1.0,2.0,Neoplasm,5.0,10.0,1.0,0.0,0.6913167318863747,0.7156996146102782,0.0,7.82443574848337,4.57338471862958,4.0,1.0,0.0,,,,,
2022.0,부산,입원(연인원),E11,2497.0,0.0,17.0,13.0,2365.0,102.0,0.0,내과,545543.0,1.0,0.0,0.0068081698037645,0.0052062474969963,0.947136563876652,0.0408490188225871,0.0,1161.225609718743,70-79,1.0,1.0,Endocrine,9.0,2.0,1.0,0.0,0.6913167318863747,0.7156996146102782,0.0,7.82443574848337,4.57338471862958,1.0,1.0,1.0,0.04032153905085452,0.5223371523435985,0.0006800777917036196,0.003730209454447418,0.432931021359396
2023.0,대구,외래,N18,10858.0,621.0,410.0,907.0,7054.0,1162.0,704.0,내과,2322591.0,1.0,0.0571928531958003,0.0377601768281451,0.0835328789832381,0.6496592374286241,0.1070178670104991,0.0648369865536931,2581.929717607872,70-79,0.0,2.0,Genitourinary,69.0,4.0,1.0,0.0,0.6913167318863747,0.7156996146102782,0.0,7.82443574848337,4.57338471862958,1.0,1.0,1.0,,,,,
2021.0,대전,입원(연인원),M75,2763.0,111.0,276.0,86.0,2170.0,81.0,39.0,정형외과,1247912220.0,4.0,0.0401737242128121,0.0998914223669924,0.0311255881288454,0.7853782120883098,0.0293159609120521,0.014115092290988,841.4883837582073,70-79,1.0,0.0,Musculoskeletal,67.0,9.0,12.0,0.0,0.0,0.0,0.0,0.0,0.0,4.0,1.0,0.0,,,,,
2021.0,광주,외래,E11,18786.0,1541.0,1175.0,1607.0,12499.0,1707.0,257.0,내과,1767455.0,1.0,0.0820291706590013,0.062546577238369,0.0855424252102629,0.6653358884275524,0.0908655381667199,0.0136804002980943,4620.036536652065,70-79,0.0,0.0,Endocrine,9.0,2.0,1.0,0.0,0.6913167318863747,0.7156996146102782,0.0,7.82443574848337,4.57338471862958,1.0,1.0,1.0,,,,,
2022.0,대전,외래,M17,8772.0,395.0,359.0,779.0,5659.0,1354.0,226.0,정형외과,1266850.0,1.0,0.0450296397628819,0.0409256725946192,0.0888052895576835,0.6451208390332878,0.1543547651618787,0.0257637938896488,2096.461590394634,70-79,0.0,1.0,Musculoskeletal,60.0,9.0,12.0,0.0,0.0,0.0,0.0,0.0,0.0,1.0,1.0,1.0,,,,,
2021.0,광주,외래,M17,14420.0,732.0,953.0,1661.0,9394.0,1438.0,242.0,정형외과,1434680.0,1.0,0.0507628294036061,0.0660887656033287,0.1151872399445215,0.6514563106796116,0.0997226074895977,0.0167822468793342,3461.8067922208866,70-79,0.0,0.0,Musculoskeletal,60.0,9.0,12.0,0.0,0.0,0.0,0.0,0.0,0.0,1.0,1.0,1.0,,,,,
2021.0,광주,외래,M75,6108.0,893.0,359.0,617.0,3912.0,294.0,33.0,정형외과,455196.0,1.0,0.1462017026850032,0.0587753765553372,0.1010150622134905,0.6404715127701375,0.0481335952848723,0.0054027504911591,1447.7806463687791,70-79,0.0,0.0,Musculoskeletal,67.0,9.0,12.0,0.0,0.0,0.0,0.0,0.0,0.0,1.0,1.0,1.0,,,,,
2021.0,부산,입원(연인원),I63,3652.0,233.0,0.0,0.0,2920.0,469.0,30.0,신경과,778332.0,1.0,0.0638006571741511,0.0,0.0,0.7995618838992333,0.1284227820372398,0.0082146768893756,1147.0570459513629,70-79,1.0,0.0,Circulatory,31.0,0.0,4.0,0.0,0.7420114887170505,0.7561594580582693,0.0,211.76738682817393,207.8573916874499,1.0,1.0,1.0,0.24020404607537824,0.5609795417038912,0.01409311220861156,0.03331132670113032,0.1514119733109887
2022.0,대구,입원(연인원),M51,9236.0,340.0,362.0,261.0,6248.0,1068.0,957.0,재활의학과,2502313.719,1.0,0.0368124729320051,0.0391944564746643,0.0282589865742745,0.6764833261152013,0.115634473798181,0.1036162841056734,2332.014551126701,70-79,1.0,1.0,Musculoskeletal,65.0,9.0,10.0,0.0,0.0,0.0,0.0,0.0,0.0,1.0,1.0,1.0,,,,,
2021.0,부산,외래,H04,6739.0,310.0,248.0,529.0,4962.0,540.0,150.0,안과,473048.0,1.0,0.046000890339813,0.0368007122718504,0.0784982935153583,0.7363110253746846,0.0801305831725775,0.0222584953257159,1887.0065624333863,70-79,0.0,0.0,Eye_Ear,21.0,3.0,6.0,0.0,0.7600000122220955,0.7013815423530448,0.0,183.88458967241002,189.79487925820868,1.0,1.0,1.0,0.16287251543630105,0.5899025856860495,0.00682342365110223,0.007137229516938682,0.23326424570960883
2021.0,부산,입원(연인원),M96,2589.0,184.0,0.0,49.0,2333.0,23.0,0.0,신경외과,544039.0,1.0,0.071069911162611,0.0,0.018926226342217,0.9011201235998456,0.0088837388953263,0.0,934.0793863478629,70-79,1.0,0.0,Musculoskeletal,68.0,9.0,5.0,0.0,0.7116006553748436,0.7878139752624138,0.0,32.0767600303404,21.480062420230468,1.0,1.0,1.0,0.24020404607537824,0.5609795417038912,0.01409311220861156,0.03331132670113032,0.1514119733109887
2022.0,광주,입원(연인원),K81,2035.0,9.0,49.0,29.0,1136.0,540.0,272.0,외과,790747830.0,4.0,0.0044226044226044,0.024078624078624,0.0142506142506142,0.5582309582309583,0.2653562653562653,0.1336609336609336,440.2723778147644,70-79,1.0,1.0,Digestive,54.0,1.0,7.0,0.0,0.7482580656637873,0.7377421376515705,0.0,25.17419343362128,28.35747458007496,4.0,4.0,1.0,,,,,
2022.0,대전,입원(연인원),M75,2592.0,36.0,11.0,297.0,1936.0,312.0,0.0,정형외과,1289799.0,1.0,0.0138888888888888,0.0042438271604938,0.1145833333333333,0.7469135802469136,0.1203703703703703,0.0,750.3761723295856,70-79,1.0,1.0,Musculoskeletal,67.0,9.0,12.0,0.0,0.0,0.0,0.0,0.0,0.0,1.0,1.0,1.0,,,,,
2023.0,인천,입원(연인원),S72,420.0,0.0,0.0,0.0,231.0,57.0,132.0,정형외과,112976.226,0.0,0.0,0.0,0.0,0.55,0.1357142857142857,0.3142857142857143,94.4817442684035,70-79,1.0,2.0,Injury,83.0,7.0,12.0,0.0,0.0,0.0,0.0,0.0,0.0,0.0,1.0,0.0,,,,,
2023.0,부산,외래,M48,16763.0,272.0,558.0,647.0,12806.0,2200.0,280.0,정형외과,3479842.0,1.0,0.0162262124917974,0.0332875976853785,0.0385969098610034,0.7639444013601384,0.1312414245660084,0.0167034540356738,4957.47848877498,70-79,0.0,2.0,Musculoskeletal,63.0,9.0,12.0,0.0,0.0,0.0,0.0,0.0,0.0,1.0,1.0,1.0,,,,,
2021.0,광주,외래,Z49,5830.0,1169.0,655.0,397.0,3009.0,589.0,11.0,내과,1675571.0,1.0,0.2005145797598627,0.1123499142367066,0.0680960548885077,0.5161234991423671,0.1010291595197255,0.0018867924528301,1066.7240817881009,70-79,0.0,0.0,Health_Status,91.0,5.0,1.0,0.0,0.6913167318863747,0.7156996146102782,0.0,7.82443574848337,4.57338471862958,1.0,1.0,1.0,,,,,
2023.0,광주,외래,M48,14816.0,691.0,728.0,1075.0,10167.0,1788.0,367.0,정형외과,1933228732.0,4.0,0.0466387688984881,0.0491360691144708,0.0725566954643628,0.6862176025917927,0.1206803455723542,0.0247705183585313,3802.024969232404,70-79,0.0,2.0,Musculoskeletal,63.0,9.0,12.0,0.0,0.0,0.0,0.0,0.0,0.0,4.0,1.0,0.0,,,,,
2023.0,대구,외래,H25,7442.0,60.0,158.0,410.0,5680.0,910.0,224.0,안과,695206.0,1.0,0.0080623488309594,0.0212308519215264,0.055092717011556,0.7632356893308251,0.1222789572695512,0.0300994356355818,2195.758608469216,70-79,0.0,2.0,Eye_Ear,22.0,3.0,6.0,0.0,0.7600000122220955,0.7013815423530448,0.0,183.88458967241002,189.79487925820868,1.0,1.0,1.0,,,,,
2021.0,부산,외래,K05,12109.0,643.0,427.0,954.0,9146.0,838.0,101.0,치과,1750215.0,1.0,0.0531009992567511,0.0352630275002064,0.0787843752580725,0.7553059707655463,0.0692047237591873,0.0083409034602361,3505.129807391827,70-79,0.0,0.0,Digestive,45.0,1.0,13.0,0.0,0.0,0.0,0.0,0.0,0.0,1.0,1.0,1.0,0.39776859947757787,0.5400194751069365,0.0,0.0,0.06221192541548577
2022.0,부산,외래,I20,14956.0,214.0,318.0,772.0,11939.0,1419.0,294.0,내과,1750251.0,1.0,0.014308638673442,0.0212623696175448,0.0516180797004546,0.7982749398234822,0.0948783097084782,0.019657662476598,4649.780625649631,70-79,0.0,1.0,Circulatory,27.0,0.0,1.0,0.0,0.6913167318863747,0.7156996146102782,0.0,7.82443574848337,4.57338471862958,1.0,1.0,1.0,0.2161407369709726,0.38272389890679903,0.0,0.0726213571629357,0.32851400695929217
2022.0,광주,입원(연인원),C16,3011.0,277.0,212.0,221.0,2015.0,138.0,148.0,내과,1076301014.0,4.0,0.0919960146130853,0.0704085021587512,0.0733975423447359,0.6692128860843574,0.0458319495184324,0.0491531052806376,743.0567721693053,70-79,1.0,1.0,Neoplasm,2.0,10.0,1.0,0.0,0.6913167318863747,0.7156996146102782,0.0,7.82443574848337,4.57338471862958,4.0,1.0,0.0,,,,,
2021.0,광주,외래,J00,3692.0,1691.0,117.0,231.0,1351.0,253.0,49.0,가정의학과,224050.0,0.0,0.4580173347778981,0.0316901408450704,0.0625677139761646,0.3659263271939328,0.0685265438786565,0.0132719393282773,713.6289418645146,59이하,0.0,0.0,Respiratory,34.0,13.0,0.0,0.0,0.7847377487634124,0.7619580796591503,0.0,21.526225123658758,23.804192034084966,0.0,3.0,0.0,,,,,
2021.0,부산,입원(연인원),C16,2299.0,75.0,21.0,146.0,1948.0,76.0,33.0,내과,641863.0,1.0,0.0326228795128316,0.0091344062635928,0.0635058721183123,0.8473249238799478,0.0330578512396694,0.0143540669856459,767.8607729703782,70-79,1.0,0.0,Neoplasm,2.0,10.0,1.0,0.0,0.6913167318863747,0.7156996146102782,0.0,7.82443574848337,4.57338471862958,1.0,1.0,1.0,0.24020404607537824,0.5609795417038912,0.01409311220861156,0.03331132670113032,0.1514119733109887
2021.0,광주,입원(연인원),J18,3097.0,12.0,27.0,22.0,1996.0,543.0,497.0,내과,1463432.0,1.0,0.0038747174685179,0.0087181143041653,0.0071036486922828,0.6444946722634808,0.1753309654504359,0.1604778818211172,765.3316710202621,70-79,1.0,0.0,Respiratory,35.0,13.0,1.0,0.0,0.6913167318863747,0.7156996146102782,0.0,7.82443574848337,4.57338471862958,1.0,1.0,1.0,,,,,
2022.0,인천,외래,K29,1916.0,147.0,94.0,138.0,1285.0,192.0,60.0,내과,169060.0,0.0,0.0767223382045929,0.0490605427974947,0.0720250521920668,0.6706680584551148,0.1002087682672233,0.0313152400835073,475.2547387103749,70-79,0.0,1.0,Digestive,48.0,1.0,1.0,0.0,0.6913167318863747,0.7156996146102782,0.0,7.82443574848337,4.57338471862958,0.0,1.0,0.0,,,,,
2021.0,대전,입원(연인원),I69,3035.0,335.0,0.0,0.0,2009.0,682.0,9.0,신경과,968582336.0,4.0,0.1103789126853377,0.0,0.0,0.6619439868204283,0.2247116968698517,0.0029654036243822,877.6302847251037,70-79,1.0,0.0,Circulatory,32.0,0.0,4.0,0.0,0.7420114887170505,0.7561594580582693,0.0,211.76738682817393,207.8573916874499,4.0,1.0,0.0,,,,,
2022.0,광주,외래,R63,4573.0,155.0,85.0,213.0,3314.0,627.0,179.0,가정의학과,192574492.0,3.0,0.0338945987316859,0.0185873605947955,0.0465777389022523,0.7246883883664991,0.1371091187404329,0.0391427946643341,1264.8317542925092,70-79,0.0,1.0,Symptoms,78.0,15.0,0.0,0.0,0.7847377487634124,0.7619580796591503,0.0,21.526225123658758,23.804192034084966,3.0,3.0,1.0,,,,,
2021.0,광주,입원(연인원),C16,2979.0,153.0,13.0,410.0,1541.0,554.0,308.0,내과,1058474.0,1.0,0.0513595166163142,0.004363880496811,0.1376300772071164,0.5172876804296744,0.1859684457871769,0.103390399462907,545.7225485537499,70-79,1.0,0.0,Neoplasm,2.0,10.0,1.0,0.0,0.6913167318863747,0.7156996146102782,0.0,7.82443574848337,4.57338471862958,1.0,1.0,1.0,,,,,
2021.0,부산,외래,H25,7365.0,29.0,87.0,347.0,6052.0,736.0,114.0,안과,597724.0,1.0,0.0039375424304141,0.0118126272912423,0.0471147318397827,0.821724372029871,0.0999321113374066,0.015478615071283,2377.800559340501,70-79,0.0,0.0,Eye_Ear,22.0,3.0,6.0,0.0,0.7600000122220955,0.7013815423530448,0.0,183.88458967241002,189.79487925820868,1.0,1.0,1.0,0.20973412698412694,0.15356746031746027,0.0,0.6366984126984128,0.0
2022.0,광주,입원(연인원),L89,2601.0,0.0,0.0,0.0,714.0,1788.0,99.0,외과,542440690.0,4.0,0.0,0.0,0.0,0.2745098039215686,0.6874279123414071,0.0380622837370242,719.5842549694928,80-89,1.0,1.0,Skin,59.0,14.0,7.0,0.0,0.7482580656637873,0.7377421376515705,0.0,25.17419343362128,28.35747458007496,4.0,4.0,1.0,,,,,
2022.0,광주,입원(연인원),J69,2325.0,39.0,0.0,0.0,1821.0,224.0,241.0,내과,848650493.0,4.0,0.016774193548387,0.0,0.0,0.7832258064516129,0.0963440860215053,0.1036559139784946,710.6168447201346,70-79,1.0,1.0,Respiratory,41.0,13.0,1.0,0.0,0.6913167318863747,0.7156996146102782,0.0,7.82443574848337,4.57338471862958,4.0,1.0,0.0,,,,,
2022.0,부산,입원(연인원),U07,4730.0,724.0,306.0,356.0,2098.0,951.0,295.0,내과,1732179.0,1.0,0.1530655391120507,0.0646934460887949,0.0752642706131078,0.4435517970401691,0.2010570824524312,0.062367864693446,694.0837605553573,70-79,1.0,1.0,Other,85.0,12.0,1.0,0.0,0.6913167318863747,0.7156996146102782,0.0,7.82443574848337,4.57338471862958,1.0,1.0,1.0,0.16287251543630105,0.5899025856860495,0.00682342365110223,0.007137229516938682,0.23326424570960883
2022.0,인천,입원(연인원),N40,1584.0,0.0,1.0,18.0,976.0,423.0,166.0,비뇨의학과,382206.0,0.0,0.0,0.0006313131313131,0.0113636363636363,0.6161616161616161,0.2670454545454545,0.1047979797979797,385.02207728908223,70-79,1.0,1.0,Genitourinary,72.0,4.0,2.0,0.0,0.8990312164208654,0.9284313708387708,0.0,10.096878357913468,7.1568629161229165,0.0,1.0,0.0,,,,,
2022.0,대전,입원(연인원),E11,3520.0,64.0,44.0,157.0,2793.0,447.0,15.0,내과,1377971.0,1.0,0.0181818181818181,0.0125,0.0446022727272727,0.7934659090909091,0.1269886363636363,0.0042613636363636,1092.38247270206,70-79,1.0,1.0,Endocrine,9.0,2.0,1.0,0.0,0.6913167318863747,0.7156996146102782,0.0,7.82443574848337,4.57338471862958,1.0,1.0,1.0,,,,,
2022.0,대전,입원(연인원),C34,1147.0,124.0,1.0,157.0,407.0,370.0,88.0,내과,517695.0,1.0,0.1081081081081081,0.000871839581517,0.1368788142981691,0.3548387096774194,0.3225806451612903,0.076721883173496,161.8955424545922,70-79,1.0,1.0,Neoplasm,6.0,10.0,1.0,0.0,0.6913167318863747,0.7156996146102782,0.0,7.82443574848337,4.57338471862958,1.0,1.0,1.0,,,,,
2023.0,대구,입원(연인원),Z03,80.0,2.0,4.0,5.0,68.0,1.0,0.0,정신건강의학과,41993.0,0.0,0.025,0.05,0.0625,0.85,0.0125,0.0,29.111853256019273,70-79,1.0,2.0,Health_Status,87.0,5.0,11.0,0.0,0.0,0.0,0.0,0.0,0.0,0.0,1.0,0.0,,,,,
2023.0,부산,외래,M17,17450.0,463.0,543.0,1582.0,12662.0,1987.0,213.0,정형외과,2991075.0,1.0,0.0265329512893982,0.0311174785100286,0.0906590257879656,0.7256160458452722,0.1138681948424068,0.0122063037249283,4828.691485968705,70-79,0.0,2.0,Musculoskeletal,60.0,9.0,12.0,0.0,0.0,0.0,0.0,0.0,0.0,1.0,1.0,1.0,0.24020404607537824,0.5609795417038912,0.01409311220861156,0.03331132670113032,0.1514119733109887
2023.0,인천,외래,B35,2597.0,202.0,113.0,169.0,1744.0,308.0,61.0,피부과,93975.869,0.0,0.0777820562187139,0.0435117443203696,0.0650750866384289,0.6715440893338468,0.1185983827493261,0.0234886407393145,647.7942317330918,70-79,0.0,2.0,Infectious,1.0,6.0,14.0,0.0,0.0,0.0,0.0,0.0,0.0,0.0,1.0,0.0,,,,,
2022.0,대전,외래,M48,14961.0,286.0,397.0,830.0,11162.0,1744.0,542.0,정형외과,2574374.0,1.0,0.0191163692266559,0.0265356593810574,0.0554775750284071,0.7460731234543145,0.1165697480114965,0.0362275248980683,4278.985755994054,70-79,0.0,1.0,Musculoskeletal,63.0,9.0,12.0,0.0,0.0,0.0,0.0,0.0,0.0,1.0,1.0,1.0,,,,,
2022.0,광주,외래,E30,16499.0,16495.0,4.0,0.0,0.0,0.0,0.0,소아청소년과,1571187280.0,4.0,0.9997575610643068,0.000242438935693,0.0,0.0,0.0,0.0,6733.729142656887,59이하,0.0,1.0,Endocrine,11.0,2.0,3.0,0.0,0.28218763071872155,0.3508042040293697,0.0,273.52931787129165,128.9075420150728,4.0,1.0,0.0,,,,,
2022.0,광주,외래,J44,4676.0,111.0,109.0,142.0,3453.0,593.0,268.0,내과,463497893.0,4.0,0.0237382378100941,0.0233105218135158,0.0303678357570573,0.7384516680923866,0.1268177929854576,0.0573139435414884,1322.640187907001,70-79,0.0,1.0,Respiratory,39.0,13.0,1.0,0.0,0.6913167318863747,0.7156996146102782,0.0,7.82443574848337,4.57338471862958,4.0,1.0,0.0,,,,,
2022.0,대전,입원(연인원),S72,1874.0,0.0,27.0,82.0,629.0,551.0,585.0,정형외과,787391.0,1.0,0.0,0.0144076840981857,0.0437566702241195,0.3356456776947705,0.2940234791889007,0.3121664887940235,304.5019978040648,70-79,1.0,1.0,Injury,83.0,7.0,12.0,0.0,0.0,0.0,0.0,0.0,0.0,1.0,1.0,1.0,,,,,
2023.0,인천,외래,M50,3238.0,500.0,274.0,230.0,1924.0,270.0,40.0,재활의학과,101707.895,0.0,0.1544163063619518,0.0846201358863496,0.0710315009264978,0.5941939468807906,0.0833848054354539,0.0123533045089561,693.8027577537198,70-79,0.0,2.0,Musculoskeletal,64.0,9.0,10.0,0.0,0.0,0.0,0.0,0.0,0.0,0.0,1.0,0.0,,,,,
2022.0,광주,외래,I10,17670.0,1537.0,1016.0,1830.0,10625.0,1970.0,692.0,내과,1143781775.0,4.0,0.0869835880022637,0.0574985851726089,0.1035653650254669,0.6013016411997736,0.1114883984153933,0.0391624221844934,3793.5672921407368,70-79,0.0,1.0,Circulatory,26.0,0.0,1.0,0.0,0.6913167318863747,0.7156996146102782,0.0,7.82443574848337,4.57338471862958,4.0,1.0,0.0,,,,,
2023.0,대구,외래,B35,4521.0,264.0,182.0,225.0,3283.0,451.0,116.0,피부과,127431.0,0.0,0.0583941605839416,0.0402565804025658,0.0497677504976775,0.7261667772616678,0.0997566909975669,0.0256580402565804,1244.3325520133274,70-79,0.0,2.0,Infectious,1.0,6.0,14.0,0.0,0.0,0.0,0.0,0.0,0.0,0.0,1.0,0.0,,,,,
2022.0,대구,외래,N18,9759.0,977.0,598.0,579.0,5961.0,1058.0,586.0,내과,1977689.578,1.0,0.1001127164668511,0.0612767701608771,0.0593298493698124,0.6108207808177067,0.1084127472077057,0.0600471359770468,2134.0403698149667,70-79,0.0,1.0,Genitourinary,69.0,4.0,1.0,0.0,0.6913167318863747,0.7156996146102782,0.0,7.82443574848337,4.57338471862958,1.0,1.0,1.0,,,,,
2023.0,인천,외래,K05,5592.0,437.0,220.0,439.0,3582.0,697.0,217.0,치과,835414.156,1.0,0.0781473533619456,0.0393419170243204,0.0785050071530758,0.6405579399141631,0.1246423462088698,0.0388054363376251,1310.2647060804163,70-79,0.0,2.0,Digestive,45.0,1.0,13.0,0.0,0.0,0.0,0.0,0.0,0.0,1.0,1.0,1.0,,,,,
2023.0,인천,외래,G81,2188.0,281.0,1.0,235.0,1391.0,217.0,63.0,재활의학과,220890.911,0.0,0.1284277879341864,0.0004570383912248,0.1074040219378427,0.6357404021937842,0.0991773308957952,0.0287934186471663,514.2441702797094,70-79,0.0,2.0,Nervous,18.0,11.0,10.0,0.0,0.0,0.0,0.0,0.0,0.0,0.0,1.0,0.0,,,,,
2022.0,대구,외래,K08,8389.0,314.0,364.0,517.0,6195.0,793.0,206.0,치과,2319941.563,1.0,0.0374299678149958,0.0433901537727977,0.0616283228036714,0.7384670401716533,0.0945285492907378,0.0245559661461437,2358.748432255264,70-79,0.0,1.0,Digestive,46.0,1.0,13.0,0.0,0.0,0.0,0.0,0.0,0.0,1.0,1.0,1.0,,,,,
2022.0,인천,입원(연인원),M54,267.0,0.0,36.0,0.0,56.0,175.0,0.0,재활의학과,57679.0,0.0,0.0,0.1348314606741573,0.0,0.2097378277153558,0.6554307116104869,0.0,68.08156872458214,80-89,1.0,1.0,Musculoskeletal,66.0,9.0,10.0,0.0,0.0,0.0,0.0,0.0,0.0,0.0,1.0,0.0,,,,,
2022.0,대전,외래,F03,5843.0,1.0,46.0,164.0,3300.0,1624.0,708.0,신경과,551397.0,1.0,0.0001711449597809,0.0078726681499229,0.0280677734040732,0.5647783672770836,0.2779394146842375,0.1211706315249016,1293.6417458735114,70-79,0.0,1.0,Mental,14.0,8.0,4.0,0.0,0.7420114887170505,0.7561594580582693,0.0,211.76738682817393,207.8573916874499,1.0,1.0,1.0,,,,,
2023.0,인천,입원(연인원),S82,352.0,0.0,39.0,0.0,262.0,51.0,0.0,정형외과,91950.551,0.0,0.0,0.1107954545454545,0.0,0.7443181818181818,0.1448863636363636,0.0,102.09342127025948,70-79,1.0,2.0,Injury,84.0,7.0,12.0,0.0,0.0,0.0,0.0,0.0,0.0,0.0,1.0,0.0,,,,,
2023.0,부산,외래,N40,29435.0,323.0,448.0,1020.0,22297.0,4195.0,1152.0,비뇨의학과,2509272.0,1.0,0.0109733310684559,0.0152199762187871,0.0346526244267029,0.757499575335485,0.1425174112451163,0.0391370817054526,8637.40200330323,70-79,0.0,2.0,Genitourinary,72.0,4.0,2.0,0.0,0.8990312164208654,0.9284313708387708,0.0,10.096878357913468,7.1568629161229165,1.0,1.0,1.0,0.16287251543630105,0.5899025856860495,0.00682342365110223,0.007137229516938682,0.23326424570960883
2021.0,인천,입원(연인원),M96,502.0,26.0,0.0,66.0,387.0,23.0,0.0,신경외과,135751.0,0.0,0.0517928286852589,0.0,0.1314741035856573,0.7709163346613546,0.045816733067729,0.0,150.5518736737164,70-79,1.0,0.0,Musculoskeletal,68.0,9.0,5.0,0.0,0.7116006553748436,0.7878139752624138,0.0,32.0767600303404,21.480062420230468,0.0,1.0,0.0,,,,,
2022.0,대전,입원(연인원),I63,1482.0,10.0,24.0,30.0,797.0,473.0,148.0,신경과,354120.0,0.0,0.0067476383265856,0.0161943319838056,0.020242914979757,0.5377867746288799,0.3191632928475034,0.0998650472334682,321.360856359327,70-79,1.0,1.0,Circulatory,31.0,0.0,4.0,0.0,0.7420114887170505,0.7561594580582693,0.0,211.76738682817393,207.8573916874499,0.0,1.0,0.0,,,,,
2021.0,부산,외래,Z00,8154.0,5735.0,409.0,516.0,1348.0,128.0,18.0,내과,428460.0,1.0,0.7033357861172431,0.0501594309541329,0.0632818248712288,0.165317635516311,0.0156978170223203,0.0022075055187637,2194.369522209056,59이하,0.0,0.0,Health_Status,86.0,5.0,1.0,0.0,0.6913167318863747,0.7156996146102782,0.0,7.82443574848337,4.57338471862958,1.0,1.0,1.0,0.16287251543630105,0.5899025856860495,0.00682342365110223,0.007137229516938682,0.23326424570960883
2022.0,인천,외래,M75,3737.0,434.0,236.0,343.0,2425.0,288.0,11.0,정형외과,172092.0,0.0,0.1161359379181161,0.0631522611720631,0.0917848541610917,0.6489162429756489,0.077067166176077,0.0029435375970029,894.1882165778447,70-79,0.0,1.0,Musculoskeletal,67.0,9.0,12.0,0.0,0.0,0.0,0.0,0.0,0.0,0.0,1.0,0.0,,,,,
2022.0,인천,외래,K05,7591.0,563.0,300.0,516.0,5126.0,839.0,247.0,치과,1096520.0,1.0,0.074166776445791,0.0395204847846133,0.0679752338295349,0.6752733500197602,0.1105256224476353,0.032538532472665,1903.1632002186957,70-79,0.0,1.0,Digestive,45.0,1.0,13.0,0.0,0.0,0.0,0.0,0.0,0.0,1.0,1.0,1.0,,,,,
2021.0,광주,입원(연인원),N18,4330.0,46.0,0.0,241.0,2071.0,1906.0,66.0,내과,1270363.0,1.0,0.0106235565819861,0.0,0.0556581986143187,0.4782909930715935,0.4401847575057737,0.0152424942263279,986.0642304975204,70-79,1.0,0.0,Genitourinary,69.0,4.0,1.0,0.0,0.6913167318863747,0.7156996146102782,0.0,7.82443574848337,4.57338471862958,1.0,1.0,1.0,,,,,
2022.0,부산,입원(연인원),I63,4759.0,348.0,32.0,12.0,3409.0,870.0,88.0,신경과,1325422.0,1.0,0.0731246060096659,0.0067241017020382,0.0025215381382643,0.7163269594452616,0.1828115150241647,0.0184912796806051,1321.6290578928215,70-79,1.0,1.0,Circulatory,31.0,0.0,4.0,0.0,0.7420114887170505,0.7561594580582693,0.0,211.76738682817393,207.8573916874499,1.0,1.0,1.0,0.29860892574530695,0.491602350703981,0.0,0.0,0.2097887235507117
2022.0,부산,입원(연인원),S46,3441.0,166.0,75.0,142.0,3029.0,29.0,0.0,정형외과,1248558.0,1.0,0.048241790177274,0.021795989537925,0.041267073525138,0.8802673641383318,0.008427782621331,0.0,1309.6689276301856,70-79,1.0,1.0,Injury,82.0,7.0,12.0,0.0,0.0,0.0,0.0,0.0,0.0,1.0,1.0,1.0,0.24020404607537824,0.5609795417038912,0.01409311220861156,0.03331132670113032,0.1514119733109887
2021.0,인천,외래,K29,4512.0,153.0,122.0,362.0,3003.0,702.0,170.0,내과,197367.0,0.0,0.0339095744680851,0.0270390070921985,0.0802304964539007,0.6655585106382979,0.1555851063829787,0.037677304964539,1123.924018784188,70-79,0.0,0.0,Digestive,48.0,1.0,1.0,0.0,0.6913167318863747,0.7156996146102782,0.0,7.82443574848337,4.57338471862958,0.0,1.0,0.0,,,,,
2022.0,광주,외래,H25,6131.0,42.0,149.0,292.0,5077.0,445.0,126.0,안과,324467533.0,3.0,0.0068504322296525,0.0243027238623389,0.0476268145490132,0.8280867721415756,0.0725819605284619,0.0205512966889577,1991.6926888118728,70-79,0.0,1.0,Eye_Ear,22.0,3.0,6.0,0.0,0.7600000122220955,0.7013815423530448,0.0,183.88458967241002,189.79487925820868,3.0,1.0,0.0,,,,,
2023.0,대구,외래,K05,6416.0,547.0,378.0,579.0,4273.0,494.0,145.0,치과,1343449.0,1.0,0.0852556109725685,0.0589152119700748,0.0902431421446384,0.6659912718204489,0.0769950124688279,0.0225997506234413,1577.3446886038153,70-79,0.0,2.0,Digestive,45.0,1.0,13.0,0.0,0.0,0.0,0.0,0.0,0.0,1.0,1.0,1.0,,,,,
2021.0,대전,입원(연인원),I61,2171.0,0.0,0.0,0.0,1230.0,867.0,74.0,재활의학과,666947017.0,4.0,0.0,0.0,0.0,0.5665591893136803,0.399355135882082,0.0340856748042376,591.1787659695951,70-79,1.0,0.0,Circulatory,30.0,0.0,10.0,0.0,0.0,0.0,0.0,0.0,0.0,4.0,1.0,0.0,,,,,
2023.0,대구,입원(연인원),M51,11509.0,247.0,444.0,284.0,8114.0,2236.0,184.0,재활의학과,3063874.0,1.0,0.0214614649404813,0.0385785037796507,0.0246763402554522,0.7050134677209141,0.1942827352506733,0.0159874880528282,3134.746204506302,70-79,1.0,2.0,Musculoskeletal,65.0,9.0,10.0,0.0,0.0,0.0,0.0,0.0,0.0,1.0,1.0,1.0,,,,,
2021.0,대전,입원(연인원),M54,1582.0,17.0,0.0,36.0,1297.0,182.0,50.0,재활의학과,452495272.0,3.0,0.0107458912768647,0.0,0.02275600505689,0.8198482932996207,0.1150442477876106,0.0316055625790139,552.0129527465818,70-79,1.0,0.0,Musculoskeletal,66.0,9.0,10.0,0.0,0.0,0.0,0.0,0.0,0.0,3.0,1.0,0.0,,,,,
2021.0,광주,입원(연인원),S32,2120.0,89.0,0.0,121.0,1250.0,502.0,158.0,신경외과,465527.0,1.0,0.0419811320754716,0.0,0.0570754716981132,0.589622641509434,0.2367924528301886,0.0745283018867924,471.7972728478479,70-79,1.0,0.0,Injury,81.0,7.0,5.0,0.0,0.7116006553748436,0.7878139752624138,0.0,32.0767600303404,21.480062420230468,1.0,1.0,1.0,,,,,
2023.0,광주,입원(연인원),M48,7956.0,143.0,180.0,422.0,6112.0,962.0,137.0,정형외과,2752516225.0,4.0,0.0179738562091503,0.0226244343891402,0.0530417295123177,0.7682252388134742,0.1209150326797385,0.0172197083961789,2365.6725893495914,70-79,1.0,2.0,Musculoskeletal,63.0,9.0,12.0,0.0,0.0,0.0,0.0,0.0,0.0,4.0,1.0,0.0,,,,,
2021.0,대전,입원(연인원),S06,1565.0,0.0,0.0,5.0,1188.0,352.0,20.0,신경외과,637338529.0,4.0,0.0,0.0,0.0031948881789137,0.7591054313099042,0.2249201277955271,0.0127795527156549,554.7872715434869,70-79,1.0,0.0,Injury,79.0,7.0,5.0,0.0,0.7116006553748436,0.7878139752624138,0.0,32.0767600303404,21.480062420230468,4.0,1.0,0.0,,,,,
2022.0,대전,입원(연인원),M17,5260.0,296.0,244.0,149.0,3831.0,637.0,103.0,정형외과,2366164.0,1.0,0.0562737642585551,0.0463878326996197,0.0283269961977186,0.7283269961977187,0.1211026615969581,0.0195817490494296,1459.5222049241552,70-79,1.0,1.0,Musculoskeletal,60.0,9.0,12.0,0.0,0.0,0.0,0.0,0.0,0.0,1.0,1.0,1.0,,,,,
2021.0,인천,외래,B35,2517.0,197.0,95.0,153.0,1718.0,301.0,53.0,피부과,75233.0,0.0,0.0782677791021056,0.0377433452522844,0.0607866507747318,0.6825586015097338,0.1195868096940802,0.0210568136670639,641.9182969817888,70-79,0.0,0.0,Infectious,1.0,6.0,14.0,0.0,0.0,0.0,0.0,0.0,0.0,0.0,1.0,0.0,,,,,
2022.0,광주,입원(연인원),C25,1569.0,87.0,2.0,46.0,660.0,774.0,0.0,내과,707782784.0,4.0,0.0554493307839388,0.0012746972594008,0.0293180369662205,0.4206500956022944,0.4933078393881453,0.0,356.1099549296537,80-89,1.0,1.0,Neoplasm,5.0,10.0,1.0,0.0,0.6913167318863747,0.7156996146102782,0.0,7.82443574848337,4.57338471862958,4.0,1.0,0.0,,,,,
2021.0,부산,외래,Z26,11370.0,6328.0,849.0,850.0,2987.0,294.0,62.0,내과,778061.0,1.0,0.5565523306948109,0.0746701846965699,0.0747581354441512,0.2627088830255057,0.0258575197889182,0.0054529463500439,2406.374201989375,59이하,0.0,0.0,Health_Status,89.0,5.0,1.0,0.0,0.6913167318863747,0.7156996146102782,0.0,7.82443574848337,4.57338471862958,1.0,1.0,1.0,0.24020404607537824,0.5609795417038912,0.01409311220861156,0.03331132670113032,0.1514119733109887
2021.0,광주,입원(연인원),M17,4590.0,63.0,237.0,442.0,3040.0,780.0,28.0,정형외과,1393238.0,1.0,0.0137254901960784,0.0516339869281045,0.0962962962962963,0.6623093681917211,0.1699346405228758,0.0061002178649237,1148.471680103606,70-79,1.0,0.0,Musculoskeletal,60.0,9.0,12.0,0.0,0.0,0.0,0.0,0.0,0.0,1.0,1.0,1.0,,,,,
2023.0,대구,입원(연인원),Z50,4576.0,461.0,260.0,364.0,2341.0,1150.0,0.0,재활의학과,1171542.0,1.0,0.1007430069930069,0.0568181818181818,0.0795454545454545,0.5115821678321678,0.2513111888111888,0.0,869.9774134999137,70-79,1.0,2.0,Health_Status,92.0,5.0,10.0,0.0,0.0,0.0,0.0,0.0,0.0,1.0,1.0,1.0,,,,,
2022.0,대전,입원(연인원),M54,1233.0,5.0,48.0,16.0,1023.0,135.0,6.0,재활의학과,302310.0,0.0,0.0040551500405515,0.0389294403892944,0.0129764801297648,0.829683698296837,0.1094890510948905,0.0048661800486618,403.48320906823375,70-79,1.0,1.0,Musculoskeletal,66.0,9.0,10.0,0.0,0.0,0.0,0.0,0.0,0.0,0.0,1.0,0.0,,,,,
2023.0,대구,입원(연인원),U07,1095.0,5.0,20.0,131.0,572.0,184.0,183.0,내과,326996.0,0.0,0.0045662100456621,0.0182648401826484,0.119634703196347,0.5223744292237443,0.1680365296803653,0.1671232876712328,206.0473246611079,70-79,1.0,2.0,Other,85.0,12.0,1.0,0.0,0.6913167318863747,0.7156996146102782,0.0,7.82443574848337,4.57338471862958,0.0,1.0,0.0,,,,,
2023.0,부산,입원(연인원),N40,2228.0,29.0,29.0,94.0,1645.0,427.0,4.0,비뇨의학과,826226.0,1.0,0.013016157989228,0.013016157989228,0.0421903052064632,0.7383303411131059,0.1916517055655296,0.0017953321364452,643.6703089833076,70-79,1.0,2.0,Genitourinary,72.0,4.0,2.0,0.0,0.8990312164208654,0.9284313708387708,0.0,10.096878357913468,7.1568629161229165,1.0,1.0,1.0,0.29860892574530695,0.491602350703981,0.0,0.0,0.2097887235507117
2023.0,대구,입원(연인원),Z51,5302.0,339.0,328.0,728.0,1821.0,1281.0,805.0,응급실,2658121.0,1.0,0.0639381365522444,0.0618634477555639,0.1373066767257638,0.3434552998868351,0.2416069407770652,0.1518294983025273,578.3278193781332,70-79,1.0,2.0,Health_Status,93.0,5.0,8.0,0.0,0.0,0.0,0.0,0.0,0.0,1.0,1.0,1.0,,,,,
2022.0,광주,외래,M17,13277.0,456.0,675.0,1292.0,9134.0,1369.0,351.0,정형외과,1382089051.0,4.0,0.0343451080816449,0.0508397981471718,0.0973111395646607,0.6879566167055811,0.1031106424644121,0.0264366950365293,3417.0266265668265,70-79,0.0,1.0,Musculoskeletal,60.0,9.0,12.0,0.0,0.0,0.0,0.0,0.0,0.0,4.0,1.0,0.0,,,,,
2022.0,인천,외래,I10,10702.0,517.0,608.0,866.0,6583.0,1530.0,598.0,내과,805298.0,1.0,0.0483087273406839,0.0568118108764716,0.080919454307606,0.6151186694075874,0.1429639319753317,0.0558774060923191,2380.441191600134,70-79,0.0,1.0,Circulatory,26.0,0.0,1.0,0.0,0.6913167318863747,0.7156996146102782,0.0,7.82443574848337,4.57338471862958,1.0,1.0,1.0,,,,,
2022.0,인천,외래,M48,5575.0,128.0,182.0,327.0,3980.0,721.0,237.0,정형외과,677078.0,1.0,0.0229596412556053,0.0326457399103139,0.0586547085201793,0.7139013452914799,0.1293273542600896,0.0425112107623318,1509.4861929367446,70-79,0.0,1.0,Musculoskeletal,63.0,9.0,12.0,0.0,0.0,0.0,0.0,0.0,0.0,1.0,1.0,1.0,,,,,
2022.0,광주,외래,N40,24715.0,613.0,885.0,1394.0,18209.0,2388.0,1226.0,비뇨의학과,1908427331.0,4.0,0.0248027513655674,0.035808213635444,0.0564029941331175,0.7367590532065548,0.0966214849281812,0.0496055027311349,6929.218236328443,70-79,0.0,1.0,Genitourinary,72.0,4.0,2.0,0.0,0.8990312164208654,0.9284313708387708,0.0,10.096878357913468,7.1568629161229165,4.0,1.0,0.0,,,,,
2021.0,부산,외래,L30,9239.0,518.0,268.0,630.0,6786.0,903.0,134.0,피부과,316325.0,0.0,0.0560666738824548,0.0290074683407295,0.0681891979651477,0.7344950752245915,0.0977378504167117,0.0145037341703647,2584.325398758188,70-79,0.0,0.0,Skin,58.0,14.0,14.0,0.0,0.0,0.0,0.0,0.0,0.0,0.0,1.0,0.0,0.16287251543630105,0.5899025856860495,0.00682342365110223,0.007137229516938682,0.23326424570960883
2022.0,광주,입원(연인원),C22,1678.0,73.0,31.0,23.0,1052.0,475.0,24.0,내과,725301968.0,4.0,0.0435041716328963,0.0184743742550655,0.0137067938021454,0.6269368295589988,0.2830750893921335,0.0143027413587604,417.2393397879288,70-79,1.0,1.0,Neoplasm,4.0,10.0,1.0,0.0,0.6913167318863747,0.7156996146102782,0.0,7.82443574848337,4.57338471862958,4.0,1.0,0.0,,,,,
2022.0,광주,외래,Z26,9727.0,5921.0,700.0,813.0,1909.0,280.0,104.0,내과,844567720.0,4.0,0.6087180014392927,0.0719646345224632,0.0835817826668037,0.1962578390048319,0.0287858538089853,0.0106918885576231,2198.8005290764017,59이하,0.0,1.0,Health_Status,89.0,5.0,1.0,0.0,0.6913167318863747,0.7156996146102782,0.0,7.82443574848337,4.57338471862958,4.0,1.0,0.0,,,,,
2022.0,대구,입원(연인원),K40,184.0,0.0,11.0,3.0,144.0,20.0,6.0,외과,115625.804,0.0,0.0,0.0597826086956521,0.0163043478260869,0.782608695652174,0.108695652173913,0.0326086956521739,55.96308306970468,70-79,1.0,1.0,Digestive,49.0,1.0,7.0,0.0,0.7482580656637873,0.7377421376515705,0.0,25.17419343362128,28.35747458007496,0.0,4.0,0.0,,,,,
2022.0,인천,외래,M17,4225.0,228.0,223.0,343.0,3005.0,354.0,72.0,정형외과,229407.0,0.0,0.0539644970414201,0.0527810650887574,0.0811834319526627,0.7112426035502959,0.0837869822485207,0.0170414201183431,1131.7935176818548,70-79,0.0,1.0,Musculoskeletal,60.0,9.0,12.0,0.0,0.0,0.0,0.0,0.0,0.0,0.0,1.0,0.0,,,,,
2021.0,인천,외래,I10,4035.0,303.0,226.0,308.0,2547.0,508.0,143.0,내과,734597.0,1.0,0.0750929368029739,0.0560099132589838,0.0763320941759603,0.6312267657992565,0.1258983890954151,0.0354399008674101,926.2757148927094,70-79,0.0,0.0,Circulatory,26.0,0.0,1.0,0.0,0.6913167318863747,0.7156996146102782,0.0,7.82443574848337,4.57338471862958,1.0,1.0,1.0,,,,,
2022.0,대구,입원(연인원),M75,2343.0,117.0,227.0,307.0,1662.0,30.0,0.0,정형외과,832322.192,1.0,0.0499359795134443,0.096884336320956,0.1310285958173282,0.7093469910371318,0.0128040973111395,0.0,633.6670261264981,70-79,1.0,1.0,Musculoskeletal,67.0,9.0,12.0,0.0,0.0,0.0,0.0,0.0,0.0,1.0,1.0,1.0,,,,,
2023.0,광주,외래,M75,5849.0,630.0,307.0,450.0,3574.0,834.0,54.0,정형외과,525659110.0,4.0,0.1077107197811591,0.0524876047187553,0.0769362284151136,0.6110446230124807,0.1425884766626773,0.0092323474098136,1301.060862014789,70-79,0.0,2.0,Musculoskeletal,67.0,9.0,12.0,0.0,0.0,0.0,0.0,0.0,0.0,4.0,1.0,0.0,,,,,
2022.0,부산,외래,M17,16286.0,490.0,598.0,1883.0,11565.0,1516.0,234.0,정형외과,2476727.0,1.0,0.0300871914527815,0.0367186540587007,0.1156207785828318,0.7101191207171804,0.0930860862090138,0.0143681689794915,4382.6931750542,70-79,0.0,1.0,Musculoskeletal,60.0,9.0,12.0,0.0,0.0,0.0,0.0,0.0,0.0,1.0,1.0,1.0,0.12987003891149793,0.7315838863136783,0.0,0.0,0.1385460747748235
,,,,,,,,,,,,,,,,,,,,,,,,,,,,,,,,,,,,,0.29860892574530695,0.491602350703981,0.0,0.0,0.2097887235507117
,,,,,,,,,,,,,,,,,,,,,,,,,,,,,,,,,,,,,0.16287251543630105,0.5899025856860495,0.00682342365110223,0.007137229516938682,0.23326424570960883
,,,,,,,,,,,,,,,,,,,,,,,,,,,,,,,,,,,,,0.20973412698412694,0.15356746031746027,0.0,0.6366984126984128,0.0
,,,,,,,,,,,,,,,,,,,,,,,,,,,,,,,,,,,,,0.24020404607537824,0.5609795417038912,0.01409311220861156,0.03331132670113032,0.1514119733109887
,,,,,,,,,,,,,,,,,,,,,,,,,,,,,,,,,,,,,0.16287251543630105,0.5899025856860495,0.00682342365110223,0.007137229516938682,0.23326424570960883
,,,,,,,,,,,,,,,,,,,,,,,,,,,,,,,,,,,,,0.24020404607537824,0.5609795417038912,0.01409311220861156,0.03331132670113032,0.1514119733109887
,,,,,,,,,,,,,,,,,,,,,,,,,,,,,,,,,,,,,0.24020404607537824,0.5609795417038912,0.01409311220861156,0.03331132670113032,0.1514119733109887
,,,,,,,,,,,,,,,,,,,,,,,,,,,,,,,,,,,,,0.2161407369709726,0.38272389890679903,0.0,0.0726213571629357,0.32851400695929217
,,,,,,,,,,,,,,,,,,,,,,,,,,,,,,,,,,,,,0.16287251543630105,0.5899025856860495,0.00682342365110223,0.007137229516938682,0.23326424570960883
,,,,,,,,,,,,,,,,,,,,,,,,,,,,,,,,,,,,,0.16287251543630105,0.5899025856860495,0.00682342365110223,0.007137229516938682,0.23326424570960883
,,,,,,,,,,,,,,,,,,,,,,,,,,,,,,,,,,,,,0.16287251543630105,0.5899025856860495,0.00682342365110223,0.007137229516938682,0.23326424570960883
,,,,,,,,,,,,,,,,,,,,,,,,,,,,,,,,,,,,,0.16287251543630105,0.5899025856860495,0.00682342365110223,0.007137229516938682,0.23326424570960883
,,,,,,,,,,,,,,,,,,,,,,,,,,,,,,,,,,,,,0.16287251543630105,0.5899025856860495,0.00682342365110223,0.007137229516938682,0.23326424570960883
,,,,,,,,,,,,,,,,,,,,,,,,,,,,,,,,,,,,,0.24020404607537824,0.5609795417038912,0.01409311220861156,0.03331132670113032,0.1514119733109887
,,,,,,,,,,,,,,,,,,,,,,,,,,,,,,,,,,,,,0.24020404607537824,0.5609795417038912,0.01409311220861156,0.03331132670113032,0.1514119733109887
,,,,,,,,,,,,,,,,,,,,,,,,,,,,,,,,,,,,,0.2161407369709726,0.38272389890679903,0.0,0.0726213571629357,0.32851400695929217
,,,,,,,,,,,,,,,,,,,,,,,,,,,,,,,,,,,,,0.24020404607537824,0.5609795417038912,0.01409311220861156,0.03331132670113032,0.1514119733109887
,,,,,,,,,,,,,,,,,,,,,,,,,,,,,,,,,,,,,0.39776859947757787,0.5400194751069365,0.0,0.0,0.06221192541548577
,,,,,,,,,,,,,,,,,,,,,,,,,,,,,,,,,,,,,0.12987003891149793,0.7315838863136783,0.0,0.0,0.1385460747748235
,,,,,,,,,,,,,,,,,,,,,,,,,,,,,,,,,,,,,0.25889900377400366,0.2620295954045953,0.0,0.0,0.479071400821401
,,,,,,,,,,,,,,,,,,,,,,,,,,,,,,,,,,,,,0.24020404607537824,0.5609795417038912,0.01409311220861156,0.03331132670113032,0.1514119733109887
,,,,,,,,,,,,,,,,,,,,,,,,,,,,,,,,,,,,,0.24020404607537824,0.5609795417038912,0.01409311220861156,0.03331132670113032,0.1514119733109887
,,,,,,,,,,,,,,,,,,,,,,,,,,,,,,,,,,,,,0.24020404607537824,0.5609795417038912,0.01409311220861156,0.03331132670113032,0.1514119733109887
,,,,,,,,,,,,,,,,,,,,,,,,,,,,,,,,,,,,,0.16287251543630105,0.5899025856860495,0.00682342365110223,0.007137229516938682,0.23326424570960883
,,,,,,,,,,,,,,,,,,,,,,,,,,,,,,,,,,,,,0.24020404607537824,0.5609795417038912,0.01409311220861156,0.03331132670113032,0.1514119733109887
,,,,,,,,,,,,,,,,,,,,,,,,,,,,,,,,,,,,,0.16287251543630105,0.5899025856860495,0.00682342365110223,0.007137229516938682,0.23326424570960883
,,,,,,,,,,,,,,,,,,,,,,,,,,,,,,,,,,,,,0.16287251543630105,0.5899025856860495,0.00682342365110223,0.007137229516938682,0.23326424570960883
,,,,,,,,,,,,,,,,,,,,,,,,,,,,,,,,,,,,,0.20973412698412694,0.15356746031746027,0.0,0.6366984126984128,0.0
,,,,,,,,,,,,,,,,,,,,,,,,,,,,,,,,,,,,,0.16287251543630105,0.5899025856860495,0.00682342365110223,0.007137229516938682,0.23326424570960883
,,,,,,,,,,,,,,,,,,,,,,,,,,,,,,,,,,,,,0.2161407369709726,0.38272389890679903,0.0,0.0726213571629357,0.32851400695929217
,,,,,,,,,,,,,,,,,,,,,,,,,,,,,,,,,,,,,0.39776859947757787,0.5400194751069365,0.0,0.0,0.06221192541548577
,,,,,,,,,,,,,,,,,,,,,,,,,,,,,,,,,,,,,0.25889900377400366,0.2620295954045953,0.0,0.0,0.479071400821401
,,,,,,,,,,,,,,,,,,,,,,,,,,,,,,,,,,,,,0.16287251543630105,0.5899025856860495,0.00682342365110223,0.007137229516938682,0.23326424570960883
,,,,,,,,,,,,,,,,,,,,,,,,,,,,,,,,,,,,,0.16287251543630105,0.5899025856860495,0.00682342365110223,0.007137229516938682,0.23326424570960883
,,,,,,,,,,,,,,,,,,,,,,,,,,,,,,,,,,,,,0.16287251543630105,0.5899025856860495,0.00682342365110223,0.007137229516938682,0.23326424570960883
,,,,,,,,,,,,,,,,,,,,,,,,,,,,,,,,,,,,,0.24020404607537824,0.5609795417038912,0.01409311220861156,0.03331132670113032,0.1514119733109887
,,,,,,,,,,,,,,,,,,,,,,,,,,,,,,,,,,,,,0.24020404607537824,0.5609795417038912,0.01409311220861156,0.03331132670113032,0.1514119733109887
,,,,,,,,,,,,,,,,,,,,,,,,,,,,,,,,,,,,,0.24020404607537824,0.5609795417038912,0.01409311220861156,0.03331132670113032,0.1514119733109887
,,,,,,,,,,,,,,,,,,,,,,,,,,,,,,,,,,,,,0.16287251543630105,0.5899025856860495,0.00682342365110223,0.007137229516938682,0.23326424570960883
,,,,,,,,,,,,,,,,,,,,,,,,,,,,,,,,,,,,,0.24020404607537824,0.5609795417038912,0.01409311220861156,0.03331132670113032,0.1514119733109887
,,,,,,,,,,,,,,,,,,,,,,,,,,,,,,,,,,,,,0.24020404607537824,0.5609795417038912,0.01409311220861156,0.03331132670113032,0.1514119733109887
,,,,,,,,,,,,,,,,,,,,,,,,,,,,,,,,,,,,,0.24020404607537824,0.5609795417038912,0.01409311220861156,0.03331132670113032,0.1514119733109887
,,,,,,,,,,,,,,,,,,,,,,,,,,,,,,,,,,,,,0.16287251543630105,0.5899025856860495,0.00682342365110223,0.007137229516938682,0.23326424570960883
,,,,,,,,,,,,,,,,,,,,,,,,,,,,,,,,,,,,,0.24020404607537824,0.5609795417038912,0.01409311220861156,0.03331132670113032,0.1514119733109887
,,,,,,,,,,,,,,,,,,,,,,,,,,,,,,,,,,,,,0.24020404607537824,0.5609795417038912,0.01409311220861156,0.03331132670113032,0.1514119733109887
,,,,,,,,,,,,,,,,,,,,,,,,,,,,,,,,,,,,,0.24020404607537824,0.5609795417038912,0.01409311220861156,0.03331132670113032,0.1514119733109887
,,,,,,,,,,,,,,,,,,,,,,,,,,,,,,,,,,,,,0.24020404607537824,0.5609795417038912,0.01409311220861156,0.03331132670113032,0.1514119733109887
,,,,,,,,,,,,,,,,,,,,,,,,,,,,,,,,,,,,,0.2161407369709726,0.38272389890679903,0.0,0.0726213571629357,0.32851400695929217
,,,,,,,,,,,,,,,,,,,,,,,,,,,,,,,,,,,,,0.24020404607537824,0.5609795417038912,0.01409311220861156,0.03331132670113032,0.1514119733109887
,,,,,,,,,,,,,,,,,,,,,,,,,,,,,,,,,,,,,0.29860892574530695,0.491602350703981,0.0,0.0,0.2097887235507117
,,,,,,,,,,,,,,,,,,,,,,,,,,,,,,,,,,,,,0.16287251543630105,0.5899025856860495,0.00682342365110223,0.007137229516938682,0.23326424570960883
,,,,,,,,,,,,,,,,,,,,,,,,,,,,,,,,,,,,,0.24020404607537824,0.5609795417038912,0.01409311220861156,0.03331132670113032,0.1514119733109887
,,,,,,,,,,,,,,,,,,,,,,,,,,,,,,,,,,,,,0.16287251543630105,0.5899025856860495,0.00682342365110223,0.007137229516938682,0.23326424570960883
,,,,,,,,,,,,,,,,,,,,,,,,,,,,,,,,,,,,,0.2161407369709726,0.38272389890679903,0.0,0.0726213571629357,0.32851400695929217
,,,,,,,,,,,,,,,,,,,,,,,,,,,,,,,,,,,,,0.24020404607537824,0.5609795417038912,0.01409311220861156,0.03331132670113032,0.1514119733109887
,,,,,,,,,,,,,,,,,,,,,,,,,,,,,,,,,,,,,0.16287251543630105,0.5899025856860495,0.00682342365110223,0.007137229516938682,0.23326424570960883
,,,,,,,,,,,,,,,,,,,,,,,,,,,,,,,,,,,,,0.24020404607537824,0.5609795417038912,0.01409311220861156,0.03331132670113032,0.1514119733109887
,,,,,,,,,,,,,,,,,,,,,,,,,,,,,,,,,,,,,0.24020404607537824,0.5609795417038912,0.01409311220861156,0.03331132670113032,0.1514119733109887
,,,,,,,,,,,,,,,,,,,,,,,,,,,,,,,,,,,,,0.24020404607537824,0.5609795417038912,0.01409311220861156,0.03331132670113032,0.1514119733109887
,,,,,,,,,,,,,,,,,,,,,,,,,,,,,,,,,,,,,0.24020404607537824,0.5609795417038912,0.01409311220861156,0.03331132670113032,0.1514119733109887
,,,,,,,,,,,,,,,,,,,,,,,,,,,,,,,,,,,,,0.24020404607537824,0.5609795417038912,0.01409311220861156,0.03331132670113032,0.1514119733109887
,,,,,,,,,,,,,,,,,,,,,,,,,,,,,,,,,,,,,0.12987003891149793,0.7315838863136783,0.0,0.0,0.1385460747748235
,,,,,,,,,,,,,,,,,,,,,,,,,,,,,,,,,,,,,0.24020404607537824,0.5609795417038912,0.01409311220861156,0.03331132670113032,0.1514119733109887
,,,,,,,,,,,,,,,,,,,,,,,,,,,,,,,,,,,,,0.24020404607537824,0.5609795417038912,0.01409311220861156,0.03331132670113032,0.1514119733109887
,,,,,,,,,,,,,,,,,,,,,,,,,,,,,,,,,,,,,0.16287251543630105,0.5899025856860495,0.00682342365110223,0.007137229516938682,0.23326424570960883
,,,,,,,,,,,,,,,,,,,,,,,,,,,,,,,,,,,,,0.16287251543630105,0.5899025856860495,0.00682342365110223,0.007137229516938682,0.23326424570960883
,,,,,,,,,,,,,,,,,,,,,,,,,,,,,,,,,,,,,0.24020404607537824,0.5609795417038912,0.01409311220861156,0.03331132670113032,0.1514119733109887
,,,,,,,,,,,,,,,,,,,,,,,,,,,,,,,,,,,,,0.24020404607537824,0.5609795417038912,0.01409311220861156,0.03331132670113032,0.1514119733109887
,,,,,,,,,,,,,,,,,,,,,,,,,,,,,,,,,,,,,0.24020404607537824,0.5609795417038912,0.01409311220861156,0.03331132670113032,0.1514119733109887
,,,,,,,,,,,,,,,,,,,,,,,,,,,,,,,,,,,,,0.16287251543630105,0.5899025856860495,0.00682342365110223,0.007137229516938682,0.23326424570960883
,,,,,,,,,,,,,,,,,,,,,,,,,,,,,,,,,,,,,0.29860892574530695,0.491602350703981,0.0,0.0,0.2097887235507117
,,,,,,,,,,,,,,,,,,,,,,,,,,,,,,,,,,,,,0.24020404607537824,0.5609795417038912,0.01409311220861156,0.03331132670113032,0.1514119733109887
,,,,,,,,,,,,,,,,,,,,,,,,,,,,,,,,,,,,,0.16287251543630105,0.5899025856860495,0.00682342365110223,0.007137229516938682,0.23326424570960883
,,,,,,,,,,,,,,,,,,,,,,,,,,,,,,,,,,,,,0.24020404607537824,0.5609795417038912,0.01409311220861156,0.03331132670113032,0.1514119733109887
,,,,,,,,,,,,,,,,,,,,,,,,,,,,,,,,,,,,,0.24020404607537824,0.5609795417038912,0.01409311220861156,0.03331132670113032,0.1514119733109887
,,,,,,,,,,,,,,,,,,,,,,,,,,,,,,,,,,,,,0.16287251543630105,0.5899025856860495,0.00682342365110223,0.007137229516938682,0.23326424570960883
,,,,,,,,,,,,,,,,,,,,,,,,,,,,,,,,,,,,,0.16287251543630105,0.5899025856860495,0.00682342365110223,0.007137229516938682,0.23326424570960883
,,,,,,,,,,,,,,,,,,,,,,,,,,,,,,,,,,,,,0.25889900377400366,0.2620295954045953,0.0,0.0,0.479071400821401
,,,,,,,,,,,,,,,,,,,,,,,,,,,,,,,,,,,,,0.24020404607537824,0.5609795417038912,0.01409311220861156,0.03331132670113032,0.1514119733109887
,,,,,,,,,,,,,,,,,,,,,,,,,,,,,,,,,,,,,0.24020404607537824,0.5609795417038912,0.01409311220861156,0.03331132670113032,0.1514119733109887
,,,,,,,,,,,,,,,,,,,,,,,,,,,,,,,,,,,,,0.24020404607537824,0.5609795417038912,0.01409311220861156,0.03331132670113032,0.1514119733109887
